,date,time,username,tweet,retweets_count,likes_count
0,2021-04-23,14:30:24,__goyum,인천 서울버스 그냥 정류장에 사람이 있기만 해도 버스가 멈추기 때문에 몸을 아예 덜리고 최선을 다 해 이 버스 안 탄다는 시그널을 보내야 함 안 그러면 앞에 선 단말이야,0,1
1,2021-04-23,10:45:42,songnaestn_bot,우리 역 연계교통 송 내역 환승센터 구역 부천 버스 고강동 당산역 영등포역 서울 버스 이화여대 자동,0,0
2,2021-04-23,04:51:55,gdc232,지하철 버스 간 환승할인이 되지 않을 땐 일 평균 만명대 중후반에 머물렀지만 서울버스와 환승이 된 이후에는 만 명대로 다소 증가했으며 경기버스와 환승이 된 후에는 하루 평균 만 명으로 수요가 껑충 뛰었어요,0,0
3,2021-04-23,04:21:58,gdc232,수원 천안 방향이나 청량리 의 정부 방향으로 가야 할 때는 신도림역에서 갈아타는 것보다 중앙버스전용차로 상행 정류장이나 하행 정류장에서 서울 버스 을 타는 것이 좋아요,0,0
4,2021-04-22,23:15:43,songnaestn_bot,우리 역 연계교통 송 내역 환승센터 구역 부천 버스 고강동 당산역 영등포역 서울 버스 이화여대 자동,0,0
5,2021-04-22,14:06:39,typeseorin_,쌤ㅋㅋ 금 서울버스에 에어컨 틀어줘요 미친 거 같음,0,15
6,2021-04-22,10:15:45,songnaestn_bot,우리 역 연계교통 송 내역 환승센터 구역 부천 버스 고강동 당산역 영등포역 서울 버스 이화여대 자동,0,0
7,2021-04-22,07:59:11,uuez1i,아진짜 버스 새치기하는 씨파새기들 살인하고 싶어 서울버스도 줄서기 바닥 스티커 좀 만들어줘 씨 발 왜 안개 마냥 분포해 잇는 거야,0,1
8,2021-04-22,01:03:03,danggogae409,이 노선은 번 출구에서 탈 수 없어요 차고지까지 가야 탈 수 있는 노선이에 요 서울버스,0,0
9,2021-04-21,23:25:10,mir__1st,진짜 경기버스 탈 때 날 치고 지나가라는 마인드로 버스 잡아야 함 서울버스는 걍 사람 있음 멈춰주는 데 경기버스는 그냥 버스가 날 아감,0,0
10,2021-04-21,20:23:01,oo___scar,취미생활 이야기 하는데 심난 할 때 누가 서울 버스 타고 서울 구경한 대,0,0
11,2021-04-21,19:25:13,wtp_yyang,헐 서울 버스 하차태그 안 하면 요금 두 배 임 환승하려고 태그하는 게 아니고 엇 시 발 내 교통비 일부로 마을버스 싸서 타고 다녔는데 주머니에서 돈 흘리고 다녔네,0,0
12,2021-04-21,14:45:43,songnaestn_bot,우리 역 연계교통 송 내역 환승센터 구역 부천 버스 고강동 당산역 영등포역 서울 버스 이화여대 자동,0,0
13,2021-04-21,08:11:23,hyaromo,서울 버스 타면 표정이 볼만 하겠다,0,0
14,2021-04-21,07:14:59,29wonnn,와 ㅈㄴ 뛰엇는데 차 못 탈뻥함 서울버스가 안 멈추 거 걍 지나가려고 햇 어 ㅅㅂ,0,0
15,2021-04-21,04:51:53,gdc232,지하철 버스 간 환승할인이 되지 않을 땐 일 평균 만명대 중후반에 머물렀지만 서울버스와 환승이 된 이후에는 만 명대로 다소 증가했으며 경기버스와 환승이 된 후에는 하루 평균 만 명으로 수요가 껑충 뛰었어요,0,0
16,2021-04-21,04:21:56,gdc232,수원 천안 방향이나 청량리 의 정부 방향으로 가야 할 때는 신도림역에서 갈아타는 것보다 중앙버스전용차로 상행 정류장이나 하행 정류장에서 서울 버스 을 타는 것이 좋아요,0,0
17,2021-04-21,02:15:45,songnaestn_bot,우리 역 연계교통 송 내역 환승센터 구역 부천 버스 고강동 당산역 영등포역 서울 버스 이화여대 자동,0,0
18,2021-04-20,18:30:49,ubung_2,분 내가 지금 경기버스를 보는 건지 서울버스를 보는 건지,0,0
19,2021-04-20,15:07:42,all_day_new,멍 때리며 창 밖 바라보다 서울 버스에서 잃어버린 최애 사인 포카를 떠올라는 오후 시 분,0,1
20,2021-04-20,12:34:25,belita1247,오옹 항상 경기도에만 머물러서 몰랐는데 서울버스 타면 안에 있는 모니터 시스템이랑 카드 찍는 곳이 다르네 쩐다,0,0
21,2021-04-20,09:27:36,choonbae000,서울 버스 타고 분이면 감,0,1
22,2021-04-20,04:51:52,gdc232,지하철 버스 간 환승할인이 되지 않을 땐 일 평균 만명대 중후반에 머물렀지만 서울버스와 환승이 된 이후에는 만 명대로 다소 증가했으며 경기버스와 환승이 된 후에는 하루 평균 만 명으로 수요가 껑충 뛰었어요,0,0
23,2021-04-20,04:21:52,gdc232,수원 천안 방향이나 청량리 의 정부 방향으로 가야 할 때는 신도림역에서 갈아타는 것보다 중앙버스전용차로 상행 정류장이나 하행 정류장에서 서울 버스 을 타는 것이 좋아요,0,0
24,2021-04-20,02:23:07,bluesoda24,특 가뜩이나 느린 서울버스 더 느려지게만 듬 반면 마을버스나 택시는 속도계 지나면 다시 으로 질주함,0,0
25,2021-04-20,01:02:23,danggogae409,이 노선은 번 출구에서 탈 수 없어요 차고지까지 가야 탈 수 있는 노선이에 요 서울버스,0,0
26,2021-04-19,19:22:48,2rang_1215_1,서울 버스 최선을 다 해 안 탄다고 알리는 몸짓 발짓을 함 뒤로 물러나기 시선 피하기 등 경기 버스 최선을 다 해 탄다고 알리는 몸짓 발짓을 함 지갑 들고 아이 컨택 봐라 나의 카드를 똻 등 내가 해본 것들만,0,0
27,2021-04-19,08:42:25,09x072,수시로 오는 서울버스들을 생각한 내가 등신이지,0,2
28,2021-04-19,04:52:07,gdc232,지하철 버스 간 환승할인이 되지 않을 땐 일 평균 만명대 중후반에 머물렀지만 서울버스와 환승이 된 이후에는 만 명대로 다소 증가했으며 경기버스와 환승이 된 후에는 하루 평균 만 명으로 수요가 껑충 뛰었어요,0,0
29,2021-04-19,04:22:17,gdc232,수원 천안 방향이나 청량리 의 정부 방향으로 가야 할 때는 신도림역에서 갈아타는 것보다 중앙버스전용차로 상행 정류장이나 하행 정류장에서 서울 버스 을 타는 것이 좋아요,0,0
30,2021-04-19,01:01:44,danggogae409,이 노선은 번 출구에서 탈 수 없어요 차고지까지 가야 탈 수 있는 노선이에 요 서울버스,0,0
31,2021-04-18,19:49:36,beyourmilkyboy,버스는 고등학생 때도 맨날 타서 서울 버스는 좀 다른 가요,0,0
32,2021-04-18,18:07:36,nan_juge,서울 버스 머선 길어,0,2
33,2021-04-18,17:48:44,jyh4thfmqtnfyuh,미얀마 평화 응원해요 천안 트친 맞팔 선팔 기범버블 버스 광고 같커 대결 서울버스 왕벚꽃 청벚꽃 아산 제주도 인천 춘천 삼악산 소백산철 축제 해찬이와 시즈니 아산 대전 세계여성평화그룹 산악회 출사지 서산유기방가옥 해미읍성 부천 수빈 수지 서울가요대상,3,25
34,2021-04-18,17:33:46,miamia_o,서울 버스 대박이다 엄청 느리다,0,0
35,2021-04-18,13:15:44,songnaestn_bot,우리 역 연계교통 송 내역 환승센터 구역 부천 버스 고강동 당산역 영등포역 서울 버스 이화여대 자동,0,0
36,2021-04-18,04:51:57,gdc232,지하철 버스 간 환승할인이 되지 않을 땐 일 평균 만명대 중후반에 머물렀지만 서울버스와 환승이 된 이후에는 만 명대로 다소 증가했으며 경기버스와 환승이 된 후에는 하루 평균 만 명으로 수요가 껑충 뛰었어요,0,0
37,2021-04-18,04:21:52,gdc232,수원 천안 방향이나 청량리 의 정부 방향으로 가야 할 때는 신도림역에서 갈아타는 것보다 중앙버스전용차로 상행 정류장이나 하행 정류장에서 서울 버스 을 타는 것이 좋아요,0,0
38,2021-04-18,01:01:46,danggogae409,이 노선은 번 출구에서 탈 수 없어요 차고지까지 가야 탈 수 있는 노선이에 요 서울버스,0,0
39,2021-04-17,23:57:48,trace_parend,이 건 코로나 검사 받지 말란 얘기가 아니라 받으란 얘기 서울 버스에서도 자기도 무증상 감염자 일 수 있다고 하잖아,1,1
40,2021-04-17,23:56:50,betmylife_whale,그렇습니다 ㅋ ㅋ ㅋㅋ 후 서울 버스 타면 금방입니다요,0,1
41,2021-04-17,19:08:13,narsha118,서울버스는 내릴 때 카드 찍고 내리나요,1,13
42,2021-04-17,18:40:10,u7w_s,용감한 맛 쿠키면서 먹힐 수 없어 써 있는 서울버스,0,0
43,2021-04-17,16:57:32,yunn48872672,오오 서울 버스 와이파이가 되네 ㄴ 서울 사는 새럼,0,7
44,2021-04-17,15:18:29,tak_bd_support,영탁 쨜 생일 서울 번 버스 광고 도 규규규 많은 언 모만 부탁드립니다 얘도 인증 이 벵 있기 영탁 영탁 생일 이 불왕자 미 남왕자 핫트로트가 이미 남가수 서울버스 버스 광고 이 불 찐 이야 니가 왜 거기서 나와,48,74
45,2021-04-17,04:52:00,gdc232,지하철 버스 간 환승할인이 되지 않을 땐 일 평균 만명대 중후반에 머물렀지만 서울버스와 환승이 된 이후에는 만 명대로 다소 증가했으며 경기버스와 환승이 된 후에는 하루 평균 만 명으로 수요가 껑충 뛰었어요,0,0
46,2021-04-17,00:47:43,yellow_chanttt,그러게 요 버스 타고 가는 방법 밖에 없는데 멘붕인 게 ㅎㅎ 서울 버스 타면 시간 분 걸리는데 ㅋㅋ케 먼 곳이였군요,0,0
47,2021-04-16,21:15:37,minchonang,언젠가 서울 버스나 기 차 말고 운전해서 가보고 싶긴 한데 후회 하나,0,0
48,2021-04-16,18:31:00,wjcn0323,서울 버스에 ㅋㅋㅋ,0,1
49,2021-04-16,09:48:51,kimmasaki1224,오널도 외근 서울버스 너무 친절해서 또 눙물ㅠㅠ 나 앉을 때까지 출발하지 않고 기 다려주셔서 눈물 경기도 버스 그런 거 없음,0,2
50,2021-04-16,04:51:57,gdc232,지하철 버스 간 환승할인이 되지 않을 땐 일 평균 만명대 중후반에 머물렀지만 서울버스와 환승이 된 이후에는 만 명대로 다소 증가했으며 경기버스와 환승이 된 후에는 하루 평균 만 명으로 수요가 껑충 뛰었어요,0,0
51,2021-04-16,04:21:53,gdc232,수원 천안 방향이나 청량리 의 정부 방향으로 가야 할 때는 신도림역에서 갈아타는 것보다 중앙버스전용차로 상행 정류장이나 하행 정류장에서 서울 버스 을 타는 것이 좋아요,0,0
52,2021-04-16,03:15:42,songnaestn_bot,우리 역 연계교통 송 내역 환승센터 구역 부천 버스 고강동 당산역 영등포역 서울 버스 이화여대 자동,0,0
53,2021-04-16,01:01:45,danggogae409,이 노선은 번 출구에서 탈 수 없어요 차고지까지 가야 탈 수 있는 노선이에 요 서울버스,0,0
54,2021-04-15,22:11:52,ssib5taku,나의 소소한 행복 출퇴근할 때 서울버스타면 밖에 지나가는 경기버스 보면서 오늘 원 아꼈다고 좋아하기 ㅋㅋ,0,1
55,2021-04-15,17:24:55,6sohee,경기도 버스면 분이면 개 빠른 건데 서울 버스 분이라니 용서할 수 없음,0,1
56,2021-04-15,12:47:19,sunniest_smile,아 근데 저도 경기 버스 타본 기억을 되새겨보니 서울버스 기사님들이 비교적 신사적이시긴 하내요,0,0
57,2021-04-15,12:29:59,kimmasaki1224,서울버스는 다 이런 거 아닌가요 도민에게 전설처럼 내려오는 서울버스 이야기 서울에선 구애의 춤을 안춰도 된다는데 맞나여,0,0
58,2021-04-15,10:45:42,songnaestn_bot,우리 역 연계교통 송 내역 환승센터 구역 부천 버스 고강동 당산역 영등포역 서울 버스 이화여대 자동,0,0
59,2021-04-15,09:59:21,kimmasaki1224,서울버스는 친절하네 미리 서 있으니깐 아직 목적지 멀었으니깐 앉으라고도 해주고 죄송해 여 경기도 버스는 사람을 기 다려주지 않아서,0,7
60,2021-04-15,04:51:53,gdc232,지하철 버스 간 환승할인이 되지 않을 땐 일 평균 만명대 중후반에 머물렀지만 서울버스와 환승이 된 이후에는 만 명대로 다소 증가했으며 경기버스와 환승이 된 후에는 하루 평균 만 명으로 수요가 껑충 뛰었어요,0,0
61,2021-04-15,04:21:52,gdc232,수원 천안 방향이나 청량리 의 정부 방향으로 가야 할 때는 신도림역에서 갈아타는 것보다 중앙버스전용차로 상행 정류장이나 하행 정류장에서 서울 버스 을 타는 것이 좋아요,0,0
62,2021-04-15,01:01:46,danggogae409,이 노선은 번 출구에서 탈 수 없어요 차고지까지 가야 탈 수 있는 노선이에 요 서울버스,0,0
63,2021-04-14,21:45:43,songnaestn_bot,우리 역 연계교통 송 내역 환승센터 구역 부천 버스 고강동 당산역 영등포역 서울 버스 이화여대 자동,0,0
64,2021-04-14,20:25:25,fearlessronja,로냐가 잊었던 것 경기버스가 얼마나 빠를 수 있는지 서울버스를 출 퇴근 시간에 탄다는 건 어떤 의 미인지,0,6
65,2021-04-14,14:38:03,bodysnatching,서울버스 광역버스는 환승할인 안 되고 광역버스 서울버스는 환승할인 되는 건가,0,0
66,2021-04-14,13:22:07,xodebadizo,흰색 장미 기건 덴마크 목살 목천면 대남 김하람 서울버스 실시간 허도자 티비 밀레이월 상품 긍정녀 말 차도구 청송군 미시맘 임신운 주엽 직장인 자위 청일 오피걸 흘깃 간 지녀 방송 푸조 빌딩 결정안 임하진 성우 팬티 뚝갈 디자인별 조소학 대구 핫한,0,0
67,2021-04-14,04:51:56,gdc232,지하철 버스 간 환승할인이 되지 않을 땐 일 평균 만명대 중후반에 머물렀지만 서울버스와 환승이 된 이후에는 만 명대로 다소 증가했으며 경기버스와 환승이 된 후에는 하루 평균 만 명으로 수요가 껑충 뛰었어요,0,0
68,2021-04-14,04:21:53,gdc232,수원 천안 방향이나 청량리 의 정부 방향으로 가야 할 때는 신도림역에서 갈아타는 것보다 중앙버스전용차로 상행 정류장이나 하행 정류장에서 서울 버스 을 타는 것이 좋아요,0,0
69,2021-04-14,01:01:48,danggogae409,이 노선은 번 출구에서 탈 수 없어요 차고지까지 가야 탈 수 있는 노선이에 요 서울버스,0,0
70,2021-04-14,00:10:41,kobncpsa01i7zjn,버스 외부 광고 서울버스 광고 서울버스 외부 광고 주 뉴에이디 이 이사,0,0
71,2021-04-13,22:45:46,songnaestn_bot,우리 역 연계교통 송 내역 환승센터 구역 부천 버스 고강동 당산역 영등포역 서울 버스 이화여대 자동,0,0
72,2021-04-13,17:22:12,freshpulpmix,버스는 저상버스 비율 낮은 것 같더라 서울버스만 해도 자주 보이던 데,0,0
73,2021-04-13,16:40:31,xexxux_,아놔 갱상도 버스 아저씨들은 어디나 다 글 쿠나 서울버스만 타다가 학교 주변에서 첨 버스 타고 지짜 넘무 놀랏 자나,0,0
74,2021-04-13,07:45:44,songnaestn_bot,우리 역 연계교통 송 내역 환승센터 구역 부천 버스 고강동 당산역 영등포역 서울 버스 이화여대 자동,0,0
75,2021-04-13,04:51:53,gdc232,지하철 버스 간 환승할인이 되지 않을 땐 일 평균 만명대 중후반에 머물렀지만 서울버스와 환승이 된 이후에는 만 명대로 다소 증가했으며 경기버스와 환승이 된 후에는 하루 평균 만 명으로 수요가 껑충 뛰었어요,0,0
76,2021-04-13,04:21:53,gdc232,수원 천안 방향이나 청량리 의 정부 방향으로 가야 할 때는 신도림역에서 갈아타는 것보다 중앙버스전용차로 상행 정류장이나 하행 정류장에서 서울 버스 을 타는 것이 좋아요,0,0
77,2021-04-13,01:01:43,danggogae409,이 노선은 번 출구에서 탈 수 없어요 차고지까지 가야 탈 수 있는 노선이에 요 서울버스,0,0
78,2021-04-12,18:45:46,songnaestn_bot,우리 역 연계교통 송 내역 환승센터 구역 부천 버스 고강동 당산역 영등포역 서울 버스 이화여대 자동,0,0
79,2021-04-12,18:43:34,2plema,아 서울버스 일본 버스랑 비슷하구나 거기도 거리 비례라 거리만큼 돈 내던 데,0,1
80,2021-04-12,17:50:00,guroresident95,서울 버스와 지하철 야간 운행 정상화 시작 서울시 서울 서울버스 서울지하철 야간 운행 올빼미버스 다람쥐버스 서울시티투어버스 야간 감축 운행 정상화 코로나,0,0
81,2021-04-12,14:33:53,b_macgun,서울 지하철 타고 다니면서 드는 생각 나이도 있는데 슬슬 차 한 대 뽑아서 타고 다닐까 서울 버스를 타고 지나가며 드는 생각 서울에서 운전은 하지 말아야겠다,0,0
82,2021-04-12,09:08:45,sang0h,우와 바뀐 서울 버스 좌석도 두칸씩 더 늘어나 구 파스텔 톤에 좌석마다 블루투스랑 충전기 꽂을 수 있다,0,0
83,2021-04-12,04:21:52,gdc232,수원 천안 방향이나 청량리 의 정부 방향으로 가야 할 때는 신도림역에서 갈아타는 것보다 중앙버스전용차로 상행 정류장이나 하행 정류장에서 서울 버스 을 타는 것이 좋아요,0,0
84,2021-04-12,01:02:26,danggogae409,이 노선은 번 출구에서 탈 수 없어요 차고지까지 가야 탈 수 있는 노선이에 요 서울버스,0,0
85,2021-04-11,23:48:43,maplestory_0v0,김혜식 씨 살려줘요 근데 학생 여기 서울버스가 아닌데,0,0
86,2021-04-11,19:15:45,songnaestn_bot,우리 역 연계교통 송 내역 환승센터 구역 부천 버스 고강동 당산역 영등포역 서울 버스 이화여대 자동,0,0
87,2021-04-11,14:03:08,hd_9904,하 저도 지방러라 너무 공감되는 ㅠㅜ 서울 버스만 왕복 시간에 지하철도 타니까 거의 시간 ㅠ 만약 서울 당일치기 할 때는 새벽 시쯤 도착해요ㅠ,0,0
88,2021-04-11,04:21:53,gdc232,수원 천안 방향이나 청량리 의 정부 방향으로 가야 할 때는 신도림역에서 갈아타는 것보다 중앙버스전용차로 상행 정류장이나 하행 정류장에서 서울 버스 을 타는 것이 좋아요,0,0
89,2021-04-11,01:01:45,danggogae409,이 노선은 번 출구에서 탈 수 없어요 차고지까지 가야 탈 수 있는 노선이에 요 서울버스,0,0
90,2021-04-10,22:39:40,bamyanggug,경기도 버스 타다가 서울 버스 타니까 답답해 뒤지겠음 존 ㅏ 느려,0,0
91,2021-04-10,18:21:29,_ananin,서울 버스도 타고 한 강도 지나가보고 신 났음,0,4
92,2021-04-10,11:17:17,wonhae0209,지금 가시죠 서울버스표 끊을 게요,0,1
93,2021-04-10,04:51:52,gdc232,지하철 버스 간 환승할인이 되지 않을 땐 일 평균 만명대 중후반에 머물렀지만 서울버스와 환승이 된 이후에는 만 명대로 다소 증가했으며 경기버스와 환승이 된 후에는 하루 평균 만 명으로 수요가 껑충 뛰었어요,0,0
94,2021-04-10,04:21:57,gdc232,수원 천안 방향이나 청량리 의 정부 방향으로 가야 할 때는 신도림역에서 갈아타는 것보다 중앙버스전용차로 상행 정류장이나 하행 정류장에서 서울 버스 을 타는 것이 좋아요,0,0
95,2021-04-10,01:01:44,danggogae409,이 노선은 번 출구에서 탈 수 없어요 차고지까지 가야 탈 수 있는 노선이에 요 서울버스,0,0
96,2021-04-09,17:41:46,36peony2,아 시 벌 오후 시간대 서울버스 너무 헬이네 개막혀 ㅠㅜ,0,0
97,2021-04-09,12:15:45,songnaestn_bot,우리 역 연계교통 송 내역 환승센터 구역 부천 버스 고강동 당산역 영등포역 서울 버스 이화여대 자동,0,0
98,2021-04-09,08:49:41,nabimil2ya,시벨 서울버스 야박하다 야 박해,0,0
99,2021-04-09,04:51:54,gdc232,지하철 버스 간 환승할인이 되지 않을 땐 일 평균 만명대 중후반에 머물렀지만 서울버스와 환승이 된 이후에는 만 명대로 다소 증가했으며 경기버스와 환승이 된 후에는 하루 평균 만 명으로 수요가 껑충 뛰었어요,0,0
100,2021-04-09,04:21:52,gdc232,수원 천안 방향이나 청량리 의 정부 방향으로 가야 할 때는 신도림역에서 갈아타는 것보다 중앙버스전용차로 상행 정류장이나 하행 정류장에서 서울 버스 을 타는 것이 좋아요,0,0
101,2021-04-09,01:01:44,danggogae409,이 노선은 번 출구에서 탈 수 없어요 차고지까지 가야 탈 수 있는 노선이에 요 서울버스,0,0
102,2021-04-08,15:32:32,sung_a_ss,살다 살다 서울 버스 타고 가 긴 백만 년만,0,0
103,2021-04-08,14:46:39,dispear_ku,이 버스는 서울버스입니다 강력하게 의사 표시를 하지 않으면 멈추지 않아 보이,0,0
104,2021-04-08,10:57:00,zerolifejewel,서울 버스 기사들 싸가지 좀 고쳐라 씨 발 수술해서 뛰면 안 되는 거 뛰어서 갔는데도 가버리 내 진짜 존 나 싸가지 없어,0,1
105,2021-04-08,08:11:57,aurora_yeseul,경기버스는 탈 때마다 느끼는 건데 돈 더 내고 우 등 버스 타는 거 같아 앉아서 가 고 개 빨라 서울버스는 분 걸릴 거 분만에 도착함,0,16
106,2021-04-08,06:33:47,fleurdepoirier_,서울 버스는 막힐 위험이 많지만 그래도 나쁘지 않을 걸,0,0
107,2021-04-08,04:51:56,gdc232,지하철 버스 간 환승할인이 되지 않을 땐 일 평균 만명대 중후반에 머물렀지만 서울버스와 환승이 된 이후에는 만 명대로 다소 증가했으며 경기버스와 환승이 된 후에는 하루 평균 만 명으로 수요가 껑충 뛰었어요,0,0
108,2021-04-08,04:21:56,gdc232,수원 천안 방향이나 청량리 의 정부 방향으로 가야 할 때는 신도림역에서 갈아타는 것보다 중앙버스전용차로 상행 정류장이나 하행 정류장에서 서울 버스 을 타는 것이 좋아요,0,0
109,2021-04-08,04:15:43,songnaestn_bot,우리 역 연계교통 송 내역 환승센터 구역 부천 버스 고강동 당산역 영등포역 서울 버스 이화여대 자동,0,0
110,2021-04-07,15:43:13,cv_ainy,서울버스 예전에는 영선님 목소리 같았는데 요즘에는 석 승훈님 아닌가 여 내 귀에는 그렇게 들려 ㅋㅋ가움,0,0
111,2021-04-07,04:51:56,gdc232,지하철 버스 간 환승할인이 되지 않을 땐 일 평균 만명대 중후반에 머물렀지만 서울버스와 환승이 된 이후에는 만 명대로 다소 증가했으며 경기버스와 환승이 된 후에는 하루 평균 만 명으로 수요가 껑충 뛰었어요,0,0
112,2021-04-07,01:23:07,mfecane,일단 도로를 줄여버린다면 지친 시민들이 철도로 몰려들어 조금 다른 이야기지만 너무 느려서 짜증이 날 정도인 것이 서울버스의 현실인 상황에서 대중교통 이용객의 시간 가치를 승용차의 로 계산하는 예타 지침이 대도시 내부 망의 편익을 갉아먹고 있는 게 아주 안타깝습니다,1,1
113,2021-04-07,01:15:42,songnaestn_bot,우리 역 연계교통 송 내역 환승센터 구역 부천 버스 고강동 당산역 영등포역 서울 버스 이화여대 자동,0,0
114,2021-04-07,01:01:44,danggogae409,이 노선은 번 출구에서 탈 수 없어요 차고지까지 가야 탈 수 있는 노선이에 요 서울버스,0,0
115,2021-04-06,19:05:46,vikinghiro,경기버스를 눈짓 한 번 스텝 한 번으로 정 지시키는 경기도민에게 서울버스는 너무 젠틀햇다,0,2
116,2021-04-06,12:08:00,kimmasaki1224,흑 서울버스는 좋네요 기사님들 잠깐 쉬는 시간도 있고,0,0
117,2021-04-06,11:25:00,cheese_430,진짜 침 질질 흘러 요 오우 오우 ㅋ 굿모닝이에요 로맨님 아침부터 이거 보고 서울 버스 실실녀 될 뻔했어요,0,1
118,2021-04-06,09:24:10,redlotusyj,서울 버스 눈앞에서 놓치고 분째 기다리는 중,0,0
119,2021-04-06,01:45:44,songnaestn_bot,우리 역 연계교통 송 내역 환승센터 구역 부천 버스 고강동 당산역 영등포역 서울 버스 이화여대 자동,0,0
120,2021-04-06,01:01:43,danggogae409,이 노선은 번 출구에서 탈 수 없어요 차고지까지 가야 탈 수 있는 노선이에 요 서울버스,0,0
121,2021-04-05,22:43:19,furrseal1107,경기도 버스드 립 나는 이 해 못해서 그 정도인 가 싶었는데 근처 큰 동네랑 몇몇 지역도 공감 못하는데가 많다던 서울버스가 많이 다녀서 그런다고 함,0,0
122,2021-04-05,20:16:05,d_0o0_i,경기버스는 기사님이 버정에 서기도 전에 문 여는 데 ㅋㅋ럼 문 열리면 움직이는 와중에 버스에 타는 게 경기도민이거든요 암 생각 없이 서울버스 글케 탓드니 막 혼자 우당탕 되고 저 사람이 왜 저래 하는 눈빛을 받았ㅋㅋㅠㅠㅜㅜ,0,3
123,2021-04-05,20:16:05,d_0o0_i,아 나 경기도 버스땜에 서울버스 탈 때마다 좀 어색함 불과 어제만 해ㅋㅋ 경기버스는 나 당신 버스 탈 거예요 라는 눈빛을 기사님이 아니더라도 버스 유리창을 향해 던져야 하는데 ㅋㅋ울버스는 거기 설 거니까 그만해 하는 거 같아서 나 좀 민망해지고,0,4
124,2021-04-05,13:25:36,nium_ce,서울 버스는 타려는 사람이 없어도 일단 정류장 앞에서 서행을 해주는 구나,0,3
125,2021-04-05,11:45:43,songnaestn_bot,우리 역 연계교통 송 내역 환승센터 구역 부천 버스 고강동 당산역 영등포역 서울 버스 이화여대 자동,0,0
126,2021-04-05,11:43:34,o_pickaxe,헐 야 언제부터 서울 버스 와이파이 됐냐 대박,0,0
127,2021-04-05,01:01:46,danggogae409,이 노선은 번 출구에서 탈 수 없어요 차고지까지 가야 탈 수 있는 노선이에 요 서울버스,0,0
128,2021-04-04,23:53:27,_hivana,헐 서울버스 경기보다 더 할 줄 알 앗는데 그렇게 다정하다구요,0,0
129,2021-04-04,23:51:40,k_rinda_a,근데 서울버스는 진챠 안탄다는 의지를 강하게 보여도 무조건 앞에서서 땀 뻘뻘 흘림 앉아서 고개 팍숙이고폰 들여다봐도 앞 애정차에서 빵 하고 그래 두 눈도 안마주치면 감 ㅠㅠ 안탄다구,0,2
130,2021-04-04,22:36:23,wongdal8181,서울버스도 비슷해 요 슨 생님 최선을 다 해서 보도 블럭 끝자락에 서 있으면서 미친 듯이 아이컨텍을 해야 한다구요,0,0
131,2021-04-04,22:08:15,31titaness77,오늘 탐라에 경기도 버스와 서울버스 이야기가 몇 개 보였는데 여기서들 말하는 경기도 버스와 서울버스의 차이는 위치 차이인가 차고지 차이인가 버스는 거의 대부분 서울 안에서 경기도 차고지인 버스를 타는지라,0,0
132,2021-04-04,21:20:42,heathen49,네 이명박 때 버스 전용차로 시작하면서 회사의 이익을 보장하는 방식으로 준공영제를 지금 서울버스 기사 초봉이 천 정도 될 겁니다 경기버스도 준공영 하는 곳은 그나마 나머 진 근로시간에 비해 많이 적어요,1,0
133,2021-04-04,21:15:43,songnaestn_bot,우리 역 연계교통 송 내역 환승센터 구역 부천 버스 고강동 당산역 영등포역 서울 버스 이화여대 자동,0,0
134,2021-04-04,20:50:26,hello_budew,경기버스도 경기버슨데 서울버스 뒷문으로 우르르 타는 거 보고 경악했어서 서울 사람이 경기버스 욕하는 건 좀 못 참는 인간 되버림 ㅋㅋ,0,0
135,2021-04-04,20:01:56,repleata,서울버스는 무정차 했다 시 뉴스에서 개욕을 먹은 역사가 있습니다,1,0
136,2021-04-04,19:54:03,kyrlilium,서울 버스 기사 양반이 왜 그렇게 노려보고 타냐고 한 적 있는데 경기도 사람이라서 요 하니 아 하고는 들어가라 했었음,0,4
137,2021-04-04,19:39:01,nabijoa,서울 버스는 내가 버스를 봤지만 탈 생각이 없다는 걸 최대한 표현하려고 안쪽에서 차렷하고 서 있음,0,1
138,2021-04-04,16:39:08,lomi_18,ㅇㅅㅇ 서울버스 너무 어렵다 버스 정류장이 같지가 않고 옆에 또 하나 더 있어 하지만 부산버스 마냥 드리프트는 하지 않지,0,1
139,2021-04-04,16:28:45,malting_cheese,서울버스는 타는 사람 없어도 정류장에서 잠깐 멈춘데 첨 알았,0,1
140,2021-04-04,16:25:45,lumimuse,서울버스는 매뉴얼에 잇는 지 사람이 아예 없어도 정류장에서는 속도 줄임,3,1
141,2021-04-04,16:21:45,7riday,나 놀란 게 경기도에서는 버스 정류장에서 내가 딴 짓하고 있으면 원래 스던 버스도 광속으로 지나가 버리는데 서울버스는 정류장에서 알아서 먼저 서서 빵빵거려서 타야 되는 버스 왔다고 알려줌 서울버스와 경기버스의 차이는 생각보다 크다,37,50
142,2021-04-04,15:35:13,ugy_is_best,서울버스무섭네,0,0
143,2021-04-04,11:16:06,sahee_cos,서울 버스 쾌적하군 사람이 없군 만족,0,0
144,2021-04-04,10:16:30,kimisnim____,하지만 승차감은 역시 서울버스가 짱 아닐까요 경기버스 평균 시속,0,2
145,2021-04-04,09:47:59,3_daidai,흑흑 쉬발 서울버스줫나 어렵 네 지금 정류장만 개나 헷갈려서 버스 바로 앞에서 놓침 ㅜ ㅋㅋ ㅋ ㅋ ㅋㅋ ㅋ ㅋ ㅋ 그것도 번씩이나,0,2
146,2021-04-04,05:15:45,songnaestn_bot,우리 역 연계교통 송 내역 환승센터 구역 부천 버스 고강동 당산역 영등포역 서울 버스 이화여대 자동,0,0
147,2021-04-04,01:01:43,danggogae409,이 노선은 번 출구에서 탈 수 없어요 차고지까지 가야 탈 수 있는 노선이에 요 서울버스,0,0
148,2021-04-03,23:55:37,bo_onggg,그래 뭐 취한 사람 상대해서 뭘 하겠냐 싶고 때 마침 버스가 들어와서 가야지 하는데 아니 이 사람이 손목을 잡고 안 놔준 다 사람 치고 어디 가냐고 서울 버스는 냉정하고 망설이고 있는 사이에 쌩하고 가버리겠지 다른 버스도 있지만 집 바로 앞에 딱 내리는 저건 배차 간격 분인데,0,1
149,2021-04-03,16:02:33,fsf4_99,서울 버스는 우선 멈춰주더라고요 서울에서는 지하철이나 순환 버스만 타서 몰랏음 머 멈춘다고 멈춰준다고 하 경기도 집합,0,4
150,2021-04-03,15:48:26,sooldog83,서울버스가 그러는 건 넓은 아량으로 받아들이기로 했는데 위례 지나는 경기버스가 돈 더 받고도 그 모냥인데에는 굉장히 큰 불만이 누적돼 있다,0,2
151,2021-04-03,15:38:28,koreapyj,서울버스 대중교통 경기버스 합법 유료 히치하이킹 비슷한 느낌임,236,96
152,2021-04-03,15:08:56,crabsaygo,전 망해 써요 분쯤 도착할 거 같아 요 ㅋㅋㅅㅋㅎㅋㅋ 서울 버스 에 바네요 그냥 지하철이나 탈 걸,0,0
153,2021-04-03,11:24:21,cwzicrfixl77wnw,박영선 서울 버스 지하철 세 청년에 할인 다음 뉴스,3,1
154,2021-04-03,11:09:33,nojam_no_stress,서울버스 타고 서울에서 일하는데 투표 그 ㅓㄴ 없음,0,1
155,2021-04-03,09:02:53,starfait_lob,서울버스 환승 어쩌구 쨋던 집에서 졸라먼 곳이요,0,0
156,2021-04-03,01:01:43,danggogae409,이 노선은 번 출구에서 탈 수 없어요 차고지까지 가야 탈 수 있는 노선이에 요 서울버스,0,0
157,2021-04-02,15:45:42,songnaestn_bot,우리 역 연계교통 송 내역 환승센터 구역 부천 버스 고강동 당산역 영등포역 서울 버스 이화여대 자동,0,0
158,2021-04-02,11:59:55,fd_greennight,예전에 사촌 언니가 버스 너무 복잡해서 어떻게 타냐고 지하철만 탄다고 했던 거 진짜 이 해 안 됐었는데 이젠 퍼센트 공감할 수 있어 서울 버스들 노선 진짜 지랄 맞아,0,0
159,2021-04-02,11:56:12,chinrohmoonppa,투표하러 서울버스 타는 데 마산시민이네,0,1
160,2021-04-02,01:02:24,danggogae409,이 노선은 번 출구에서 탈 수 없어요 차고지까지 가야 탈 수 있는 노선이에 요 서울버스,0,0
161,2021-04-01,23:04:04,roqltkwk12023,경기도 버스는 서울버스와는 비교도 안 되게 겁나 총알이 다 나는 여전히 이 속도가 싫지만 술을 조금 마셨기 때문에 기분은 좋다,0,0
162,2021-04-01,13:55:20,_whereyavisa,서울 버스는 신기하다 뭔가 길어,0,0
163,2021-04-01,13:41:08,smooth_0o0,서울 버스 적응 못하고 있음 제주 버스는 이렇게 안 생걋거든,0,1
164,2021-04-01,10:15:43,songnaestn_bot,우리 역 연계교통 송 내역 환승센터 구역 부천 버스 고강동 당산역 영등포역 서울 버스 이화여대 자동,0,0
165,2021-04-01,00:39:30,2x6tyizyqeowjpz,달님 이혁재 생일 맞아서 버스 정류장 청담역 생일 광고 진행합니 당 기간 한 달간 위치 서울버스 청담역 회사 앞에 정류장 생일광고판 이미 정식적으로 설치하였고 한국 계신 분들 인증샷 에 많이 많이 올려 주세요 은혁 이혁재,12,23
166,2021-03-31,22:20:57,lvlzwjsn,집에서 한 번에 광화문 서울시청 가는 경기버스는 있는데 서울버스는 없다,0,0
167,2021-03-31,20:15:45,songnaestn_bot,우리 역 연계교통 송 내역 환승센터 구역 부천 버스 고강동 당산역 영등포역 서울 버스 이화여대 자동,0,0
168,2021-03-31,16:21:52,syadjji,서울버스랑 경기도 버스 번갈아서 타면 당황스러움 서울버스는 자리에 가만히 줄 안 서면 혼나고 경기도 버스는 가만히 있음 안서줌,0,0
169,2021-03-31,13:49:29,jg_k_drama_417,아 번 타고 서울 버스 여행 하고 싶다 서울 그립네,4,27
170,2021-03-31,01:01:44,danggogae409,이 노선은 번 출구에서 탈 수 없어요 차고지까지 가야 탈 수 있는 노선이에 요 서울버스,0,0
171,2021-03-30,17:59:49,yeodeun_,경기도 기사님들 원래 이렇게 밟으셔 서울 버스만 타다가 처음 느껴보는 속도인데,0,1
172,2021-03-30,16:59:44,youtube_uyucha,오늘은 혼자서 서울 버스 도 전해봅니다,0,1
173,2021-03-30,08:47:58,_springroll_,서울버스 규칙 잘 지키고 안전하고 어쩌고 다 좋은데 버스 정류장 쯤 남기고 신호걸리거나 막힐 때 답답해 미칠거 같음 으아 아악 기사님 그냥 여기서 내려주세요 제가 걸어갈게요오오,0,1
174,2021-03-30,01:01:43,danggogae409,이 노선은 번 출구에서 탈 수 없어요 차고지까지 가야 탈 수 있는 노선이에 요 서울버스,0,0
175,2021-03-29,22:04:03,_haute__,서울에 사는 트친분들 혹시 서울 버스도 지하철처럼 시간 단축 운영 하나요 ㅠㅠ 알려주시면 감사하겠습니다,0,0
176,2021-03-29,16:15:45,songnaestn_bot,우리 역 연계교통 송 내역 환승센터 구역 부천 버스 고강동 당산역 영등포역 서울 버스 이화여대 자동,0,0
177,2021-03-29,15:28:15,cc_40805,아니 경기도 버스 빠르다는 건 들 엇는데 개 빨라 서울버스는 손잡이 안 잡아도 그냥 서 있을 수 있는데 경기도 버스는 안 잡으면 그대로 자 빠질 속도로 달림 잡고 있어도 중심 못 잡겠음 개무서워,0,0
178,2021-03-29,14:30:09,brightmann1,넷플릭스도 좌 편향 민주야 좋아해 서울버스 광고 논란 뉴데일리,0,0
179,2021-03-28,22:36:27,serious_kim_,멋진 서울 버스 기사 아저씨가 교육받은 지 얼마 안 되셔서 길을 모른단 소리,0,7
180,2021-03-28,17:45:44,songnaestn_bot,우리 역 연계교통 송 내역 환승센터 구역 부천 버스 고강동 당산역 영등포역 서울 버스 이화여대 자동,0,0
181,2021-03-28,13:48:34,youngkim28,넷플릭스도 좌 편향 민주야 좋아해 서울버스 광고 논란 서울 시내 노선버스에 월 한 달 동안 민주 강조한 광고 정작 드라마에 민주 라는 배역 없어 서울시민이 개 돼지로 보이나 봐 시민단체는 뭐해 당장 고발해라,1,1
182,2021-03-28,11:01:15,youngjaejeong,넷플릭스도 좌 편향 민주야 좋아해 서울버스 광고 논란 뉴데일리,5,2
183,2021-03-28,10:27:14,lrang_mal,서울버스들 왜 케 기어다녀,0,0
184,2021-03-28,01:01:43,danggogae409,이 노선은 번 출구에서 탈 수 없어요 차고지까지 가야 탈 수 있는 노선이에 요 서울버스,0,0
185,2021-03-27,21:27:06,qweasdrtydf,근데 진자 경기도 랑 서울버스 부산버스보다 더 급하고 더 운전 ㅈ이함,0,0
186,2021-03-27,21:04:01,laila96kimjs,지하철 기본요금 정거장 기준 이 원이였을 걸 요 서울 버스 요금은 경기버스 보단 쌀껄요 가격이 오르지 않았다면,0,1
187,2021-03-27,18:07:00,paro_06a,노선들은 대부분 서울버스 요금받는 경기버스라고 봐도 무방,0,0
188,2021-03-27,17:59:42,ibaraki_sakachi,서울회사가 해서 서울버스 아ㄲ,0,0
189,2021-03-27,13:45:44,songnaestn_bot,우리 역 연계교통 송 내역 환승센터 구역 부천 버스 고강동 당산역 영등포역 서울 버스 이화여대 자동,0,0
190,2021-03-27,11:29:36,byeolnun,일평생 부산버스타 다 서울버스타면 왜 앉아 잇는데 엉덩이가 안 튀지 왜 서잇는 사람들이 무릎을 안 굽히 지 ㅇㅈㄹ,1,1
191,2021-03-27,01:34:05,h_h_h_h_h_h_h_7,개인적 감상 서울버스 공간은 널널 하지만 급가속 급감 속 커브 오르내리막이 반겨줌 청주버스 분명 평지인데 노면이 무슨 자갈밭 임 버스가 바이브레이터가 된다고 대구 버스 평화로움 대전 버스 평지 고 노면도 괜찮은데 도로가 대부분 좁아서 가감 속이 심함 부산버스 한국에서 가장 저렴한 롤러코스터,1,2
192,2021-03-27,01:28:11,h_h_h_h_h_h_h_7,서울버스를 익스트림이라고 평하는 걸 보니 대구의 평지에 완벽히 적응햇군,1,3
193,2021-03-27,01:01:43,danggogae409,이 노선은 번 출구에서 탈 수 없어요 차고지까지 가야 탈 수 있는 노선이에 요 서울버스,0,0
194,2021-03-27,00:32:03,ajuyeppun,서울 버스에 민주야 좋아해 시장 선거 앞두고 넷플릭스 광고 논란 다음 뉴스 그럼 야당 당명이 한나라당이었을 때 나라 라는 단어는 다 삭제 했어야 하나 민주는 민주당 뿐 아니라 민주주의 나 민주시민 등 여러 의 미로 쓰일 수 있다 억울하면 당명 바꾸던지,0,1
195,2021-03-26,23:45:46,songnaestn_bot,우리 역 연계교통 송 내역 환승센터 구역 부천 버스 고강동 당산역 영등포역 서울 버스 이화여대 자동,0,0
196,2021-03-26,23:40:05,ibox062,서울 버스 타면 탈 수록 내가 내려야 되는 정류장 이름 듣기 스킬만 늘어나는 것 같은데,0,0
197,2021-03-26,23:24:53,_891227,서울 버스 말고 갓 경기 버스에요,0,0
198,2021-03-26,23:14:43,paganiniana20,이게 뭐야 서울 버스 언제부터 이랬는데,0,3
199,2021-03-26,18:53:02,fjqfjqfjq1234,선거운동에 갑툭 튀 한 넷플릭스 논란 국민의 힘 불법 선거 넷플릭스 서울버스 광고 논란 국민의 힘 교묘한 불법 선거 운동,2,0
200,2021-03-26,15:07:32,quietwind3,민주야 좋아해 서울버스 넷플릭스 광고 논란 되자 내려 출처 조선일보 네이버 뉴스 헐 이 거 선거법 위반 아닌가요 차라리 민주야 투기해 폐업해 가 더 어 울릴 듯,6,2
201,2021-03-26,14:01:44,agit00,민주야 좋아해 서울버스 넷플릭스 광고 논란 되자 내려 서울 시내에 민주야 좋아해 라는 광고가 등장한 것은 옥외 전광판은 지난달 일 버스 광고는 이 달 일이 다 조선일보,0,0
202,2021-03-26,01:16:30,sbheartx100,네 서울버스는 아직 있는 게 있고 서울서 저희 집 가는 게 막차가 이 시간까지 있어서 ㅠㅠ 대신 극악의 배차 간격 베키님 숙소 잡으셨 엇다 했지 ㅇㅎ요,0,0
203,2021-03-25,15:15:43,songnaestn_bot,우리 역 연계교통 송 내역 환승센터 구역 부천 버스 고강동 당산역 영등포역 서울 버스 이화여대 자동,0,0
204,2021-03-25,12:07:04,hetelolol,야 서울 버스는 버스 안이 사람 많은 지도 알려주냐,0,1
205,2021-03-25,10:06:40,blau_lac,경기버스 관련 늘 궁금한 것 전 경기도민 임 서울 버스는 진짜로 뭐 무정차나 그런 걸 일절 안 해 내가 서울에서 버스 탈일이 없어서 몰라,0,1
206,2021-03-24,23:32:31,bitsend,저런 논리면 적자인 서울 지하철 보조금 들어가는 서울 버스들 다 없애고 이야기 시작해라 인프라가 없으면 사람들이 아예 모이 질 않는 것은 모르는 거 같네 김해 부산 경전철도 이용 안 할꺼라고 처음에 이야기 하다가 지금 승객들 이용율이 꽤 높아졌다고 우선 이런 거 깔야 된다고 트램도 좋고,0,0
207,2021-03-24,22:03:39,mxadora,오늘부터 서울 버스 다 타고 다니면서 몬 스타 엑스 얘기만 하고 다닌다,0,0
208,2021-03-24,20:15:43,songnaestn_bot,우리 역 연계교통 송 내역 환승센터 구역 부천 버스 고강동 당산역 영등포역 서울 버스 이화여대 자동,0,0
209,2021-03-24,11:23:29,j_treh,배고픕니다 하지만 또 지하철 타고 어디론가 가 고 있습니다 서울 버스는 아직 겁나서 못 타 봄,0,0
210,2021-03-24,09:02:19,annyeong0x0,지금 깨달 안서 서울 버스에 상업광고가 하나도 업고 공익광고만 붓어잇내,0,0
211,2021-03-24,07:49:24,yun__ooo04,ㅋㅋ 버스 오려면 분 남음 이 거 분으로 잡아야 하나 개 오바야 이 시간에 서울 버스 타라고요 낑겨 죽어서 싫음,0,0
212,2021-03-24,07:15:42,songnaestn_bot,우리 역 연계교통 송 내역 환승센터 구역 부천 버스 고강동 당산역 영등포역 서울 버스 이화여대 자동,0,0
213,2021-03-23,17:45:44,songnaestn_bot,우리 역 연계교통 송 내역 환승센터 구역 부천 버스 고강동 당산역 영등포역 서울 버스 이화여대 자동,0,0
214,2021-03-23,14:50:01,imjonnapretty,난 서울 버스 타면 거의 번인 듯 당연함 에스엠빠순이니까,0,0
215,2021-03-23,14:00:18,ckachi,낮에 타는 서울 버스 특유의 느낌 넘 좋음 경기도 버스랑 먼 가 달라,0,0
216,2021-03-23,13:54:33,hap_jeong,서울버스 백만 년 만에 탔는데 카드 찍으니 마스크를 착용하세요 라고 해서 깜짝 놀람,0,0
217,2021-03-23,13:45:58,yun__ooo04,쌤이 집 데려다 주실 건가요 제 저녁 책임 지실 건가요 전 다른 애들 처럼 집이 가까운 게 아니라 구요 버스 크게 돌아가는 건 분 이상 걸리는데 무슨 짧은 것도 하나는 서울 버스 고 하나는 바로 앞이 차고지라 오는 시간이 오래 걸리는 편이고 빨라도 분 이상 걸리는 데,0,0
218,2021-03-23,01:02:00,danggogae409,이 노선은 번 출구에서 탈 수 없어요 차고지까지 가야 탈 수 있는 노선이에 요 서울버스,0,0
219,2021-03-22,20:45:46,songnaestn_bot,우리 역 연계교통 송 내역 환승센터 구역 부천 버스 고강동 당산역 영등포역 서울 버스 이화여대 자동,0,0
220,2021-03-22,16:02:26,monday_so_good,시바 서울 버스 쏘 스케어리,0,0
221,2021-03-22,08:14:54,znlzp,서울버스인데 분 후 도착 실화인가,0,0
222,2021-03-22,01:02:00,danggogae409,이 노선은 번 출구에서 탈 수 없어요 차고지까지 가야 탈 수 있는 노선이에 요 서울버스,0,0
223,2021-03-21,13:55:44,yee_uoo,오 모야 서울버스에 잭 연결하는 곳이 있었네 이 제 알았어,0,1
224,2021-03-21,13:45:44,songnaestn_bot,우리 역 연계교통 송 내역 환승센터 구역 부천 버스 고강동 당산역 영등포역 서울 버스 이화여대 자동,0,0
225,2021-03-21,10:32:22,kyuketsuki0214,서울 버스들 가만히 보면 챰 머라지 이름이 쪼까 차가 와 그래도 서대문 는 좀 기 여웟지만,0,1
226,2021-03-21,09:39:01,6_6da,서울버스는 시골쥐에게 너무 가혹해,0,3
227,2021-03-21,01:02:34,danggogae409,이 노선은 번 출구에서 탈 수 없어요 차고지까지 가야 탈 수 있는 노선이에 요 서울버스,0,0
228,2021-03-20,10:49:24,kotoha39_p,특히 서울버스가 아름답죠,0,0
229,2021-03-20,05:50:40,gonggi_0218,홉타임 간다고 일찍 일어남 당연함 서울 버스로 시간임,0,1
230,2021-03-20,04:45:43,songnaestn_bot,우리 역 연계교통 송 내역 환승센터 구역 부천 버스 고강동 당산역 영등포역 서울 버스 이화여대 자동,0,0
231,2021-03-20,01:02:09,danggogae409,이 노선은 번 출구에서 탈 수 없어요 차고지까지 가야 탈 수 있는 노선이에 요 서울버스,0,0
232,2021-03-19,21:24:57,cocoarain410,역시 서울 버스는 기가 막히게 느리 다 왼 전 세월아 네월아 거북이 운전이여,0,0
233,2021-03-19,21:06:50,cocoarain410,집 근처 가는 서울 버스가 다 광명에서 출발해서 여의나루 꼬들역 목동역 구디역 이렇게 가는 것들이라,0,0
234,2021-03-19,13:15:46,songnaestn_bot,우리 역 연계교통 송 내역 환승센터 구역 부천 버스 고강동 당산역 영등포역 서울 버스 이화여대 자동,0,0
235,2021-03-18,18:33:42,badlife_macho,퇴근시간 서울 버스 너무 변수가 많죠 ㅠㅠ,0,1
236,2021-03-18,12:54:46,yeseo__99,음 저도 저번에 서울버스가 있길래 봤더니 영화 촬영을 하더라구요,0,0
237,2021-03-18,12:21:28,srapid228,경기도인데 서울버스들만 들어오는 재미있는 동네 근데 한 블럭만 가면 경기버스들 다님,0,1
238,2021-03-18,09:03:50,ben_knight_lee,거제 서울 버스 편도가 우 등 기준으로 약 만 천원인데 일반은 약 만 천원 하고 프리미엄은 만 천원 왕복하면 거의 만 원 가까이 깨짐 근데 비행기면 거제 김포공항 편도 천원 김해 김포 비행기 왕복 약 만원 더 싸다,0,0
239,2021-03-18,05:43:32,pie0518,서울 버스 왤케 점잖게 운전하냐 뭐냐,0,0
240,2021-05-30,12:23:54,seoul_bus_bot,서울특별시 시내버스 번호 부여 방법 출발권역 도착 권역 일련번호 간선버스 지선버스 맞춤버스 마을버스 지자체 명 광역버스 순환버스,0,0
241,2021-05-30,04:21:59,gdc232,수원 천안 방향이나 청량리 의 정부 방향으로 가야 할 때는 신도림역에서 갈아타는 것보다 중앙버스전용차로 상행 정류장이나 하행 정류장에서 서울 버스 을 타는 것이 좋아요,0,0
242,2021-05-30,01:01:43,danggogae409,이 노선은 번 출구에서 탈 수 없어요 차고지까지 가야 탈 수 있는 노선이에 요 서울버스,0,0
243,2021-05-29,21:41:26,myclassicblue,서울버스세대 지나가는데 한 대가 안 지나가네 ㅋㅋ,0,0
244,2021-05-29,20:24:21,seoul_bus_bot,서울특별시 시내버스 번호 부여 방법 출발권역 도착 권역 일련번호 간선버스 지선버스 맞춤버스 마을버스 지자체 명 광역버스 순환버스,0,0
245,2021-05-29,17:15:43,songnaestn_bot,우리 역 연계교통 송 내역 환승센터 구역 부천 버스 고강동 당산역 영등포역 서울 버스 이화여대 자동,0,0
246,2021-05-29,13:03:24,lilacinmyhair,버스 타 다 보니까 문득 생각난 거 서울 버스 운전석 뒤에 모니터 달려서 별 광고 다 뜨잖어 특히 온갖 미용 광고 고개 들면 그거 보이는 게 너무 싫어서 무조건 맨 앞자리 사수하던 버릇이 지금까지 왔다,0,0
247,2021-05-29,08:23:54,seoul_bus_bot,서울특별시 시내버스 번호 부여 방법 출발권역 도착 권역 일련번호 간선버스 지선버스 맞춤버스 마을버스 지자체 명 광역버스 순환버스,0,0
248,2021-05-29,08:13:11,saran9s2,서울 버스 전세 내기,0,1
249,2021-05-29,04:52:00,gdc232,지하철 버스 간 환승할인이 되지 않을 땐 일 평균 만명대 중후반에 머물렀지만 서울버스와 환승이 된 이후에는 만 명대로 다소 증가했으며 경기버스와 환승이 된 후에는 하루 평균 만 명으로 수요가 껑충 뛰었어요,0,0
250,2021-05-29,01:02:02,danggogae409,이 노선은 번 출구에서 탈 수 없어요 차고지까지 가야 탈 수 있는 노선이에 요 서울버스,0,0
251,2021-05-28,22:49:52,honey_k_1219,서울 버스 타고 세 시간 반,0,0
252,2021-05-28,18:26:34,ryuche_,경기버스를 아예 안타서 몰랐음 ㅋㅋㅋ 서울 버스는 안 나오는 거로 아는데,0,0
253,2021-05-28,16:23:55,seoul_bus_bot,서울특별시 시내버스 번호 부여 방법 출발권역 도착 권역 일련번호 간선버스 지선버스 맞춤버스 마을버스 지자체 명 광역버스 순환버스,0,0
254,2021-05-28,11:00:18,celestial_0901,근데 ㅋㅋ 울버스에서 그랬어 ㅋㅋ,0,1
255,2021-05-28,04:52:01,gdc232,지하철 버스 간 환승할인이 되지 않을 땐 일 평균 만명대 중후반에 머물렀지만 서울버스와 환승이 된 이후에는 만 명대로 다소 증가했으며 경기버스와 환승이 된 후에는 하루 평균 만 명으로 수요가 껑충 뛰었어요,0,0
256,2021-05-28,04:22:00,gdc232,수원 천안 방향이나 청량리 의 정부 방향으로 가야 할 때는 신도림역에서 갈아타는 것보다 중앙버스전용차로 상행 정류장이나 하행 정류장에서 서울 버스 을 타는 것이 좋아요,0,0
257,2021-05-28,01:02:18,danggogae409,이 노선은 번 출구에서 탈 수 없어요 차고지까지 가야 탈 수 있는 노선이에 요 서울버스,0,0
258,2021-05-28,00:45:44,songnaestn_bot,우리 역 연계교통 송 내역 환승센터 구역 부천 버스 고강동 당산역 영등포역 서울 버스 이화여대 자동,0,0
259,2021-05-28,00:24:15,seoul_bus_bot,서울특별시 시내버스 번호 부여 방법 출발권역 도착 권역 일련번호 간선버스 지선버스 맞춤버스 마을버스 지자체 명 광역버스 순환버스,0,0
260,2021-05-27,23:22:55,lock_a_asahi,회차지행 종점 행 나뉜 쓰레기 서울버스 감별사 정 다민 입니다,0,0
261,2021-05-27,17:55:52,eunjiwontiebacn,서울 버스 광고 서포트 노선 서울 사 석관동 상진운수종점 여의도 기간 은 지원 은 지원 생일 축하해,116,169
262,2021-05-27,13:38:32,s_rain_ingame,서울 버스 번호 나 만 헷갈리나,0,0
263,2021-05-27,12:23:55,seoul_bus_bot,서울특별시 시내버스 번호 부여 방법 출발권역 도착 권역 일련번호 간선버스 지선버스 맞춤버스 마을버스 지자체 명 광역버스 순환버스,0,0
264,2021-05-27,04:22:06,gdc232,수원 천안 방향이나 청량리 의 정부 방향으로 가야 할 때는 신도림역에서 갈아타는 것보다 중앙버스전용차로 상행 정류장이나 하행 정류장에서 서울 버스 을 타는 것이 좋아요,0,0
265,2021-05-27,01:02:20,danggogae409,이 노선은 번 출구에서 탈 수 없어요 차고지까지 가야 탈 수 있는 노선이에 요 서울버스,0,0
266,2021-05-27,00:45:43,songnaestn_bot,우리 역 연계교통 송 내역 환승센터 구역 부천 버스 고강동 당산역 영등포역 서울 버스 이화여대 자동,0,0
267,2021-05-26,22:11:10,sd_kun,서울 버스 번호 앞자리군요,0,0
268,2021-05-26,20:24:22,seoul_bus_bot,서울특별시 시내버스 번호 부여 방법 출발권역 도착 권역 일련번호 간선버스 지선버스 맞춤버스 마을버스 지자체 명 광역버스 순환버스,0,0
269,2021-05-26,14:26:20,im_disease,ㅋㅋ 버슨데 기사님이 서울버스 기사들 뒷담깜 우리 경기도 버스들은 바쁜데 배려를 안해준 다 ㅋㅋ,0,2
270,2021-05-26,14:23:59,sjhc928,음 음 저희도 그냥 내려도 상관없어 용 서울 버스 내릴 따 안 찍으면 요금 붙었었나 ㅇㅅㅇ,0,0
271,2021-05-26,04:52:01,gdc232,지하철 버스 간 환승할인이 되지 않을 땐 일 평균 만명대 중후반에 머물렀지만 서울버스와 환승이 된 이후에는 만 명대로 다소 증가했으며 경기버스와 환승이 된 후에는 하루 평균 만 명으로 수요가 껑충 뛰었어요,0,0
272,2021-05-26,04:24:05,seoul_bus_bot,서울특별시 시내버스 번호 부여 방법 출발권역 도착 권역 일련번호 간선버스 지선버스 맞춤버스 마을버스 지자체 명 광역버스 순환버스,0,0
273,2021-05-26,04:21:59,gdc232,수원 천안 방향이나 청량리 의 정부 방향으로 가야 할 때는 신도림역에서 갈아타는 것보다 중앙버스전용차로 상행 정류장이나 하행 정류장에서 서울 버스 을 타는 것이 좋아요,0,0
274,2021-05-26,01:42:39,doorbeak,금곡역 용역업체 인천시 메리츠화재 파주썬크림 상월곡 명품가방수선 일산동구 사무실 철거 금곡통관 안심 역 탱크로리 서울 성북조달등록 화원역 테크노밸리 상주시 인테리어 시공 포항세무회계 송내역 조경디자인 창녕군 넥워머 온천장 바다 낙시 서울버스 첫차,0,0
275,2021-05-26,01:02:17,danggogae409,이 노선은 번 출구에서 탈 수 없어요 차고지까지 가야 탈 수 있는 노선이에 요 서울버스,0,0
276,2021-05-25,17:21:47,kyungjin_sw,특히 호선은 서울 교통공사 단독으로 운영하기 때문에 심각함 호선을 제외하면 호선이 출퇴근 시간 혼잡도 높은데 심각해지면 서울버스가 터질 거임 그러니깐 살리라고 정부야,0,0
277,2021-05-25,15:39:21,forheroeswin,서울버스터미널은 버스 있을 텐데 과 연 수우ㅜㄴ서 얼마 걸릴지,0,0
278,2021-05-25,13:57:32,ff14bluemoon13,경기버스와 서울버스 배차 실화일까,0,0
279,2021-05-25,12:24:43,seoul_bus_bot,서울특별시 시내버스 번호 부여 방법 출발권역 도착 권역 일련번호 간선버스 지선버스 맞춤버스 마을버스 지자체 명 광역버스 순환버스,0,0
280,2021-05-25,07:40:35,king_se7enn,내가 서울버스에 익숙해져서 그런 가 경기버스 배차 간격 실화냐,0,0
281,2021-05-25,06:45:44,songnaestn_bot,우리 역 연계교통 송 내역 환승센터 구역 부천 버스 고강동 당산역 영등포역 서울 버스 이화여대 자동,0,0
282,2021-05-25,04:51:57,gdc232,지하철 버스 간 환승할인이 되지 않을 땐 일 평균 만명대 중후반에 머물렀지만 서울버스와 환승이 된 이후에는 만 명대로 다소 증가했으며 경기버스와 환승이 된 후에는 하루 평균 만 명으로 수요가 껑충 뛰었어요,0,0
283,2021-05-25,04:21:57,gdc232,수원 천안 방향이나 청량리 의 정부 방향으로 가야 할 때는 신도림역에서 갈아타는 것보다 중앙버스전용차로 상행 정류장이나 하행 정류장에서 서울 버스 을 타는 것이 좋아요,0,0
284,2021-05-25,01:02:07,danggogae409,이 노선은 번 출구에서 탈 수 없어요 차고지까지 가야 탈 수 있는 노선이에 요 서울버스,0,0
285,2021-05-25,00:24:07,seoul_bus_bot,서울특별시 시내버스 번호 부여 방법 출발권역 도착 권역 일련번호 간선버스 지선버스 맞춤버스 마을버스 지자체 명 광역버스 순환버스,0,0
286,2021-05-24,18:48:32,borami0429,서울 버스 왜 도착 예정 안 보이는 건데,0,0
287,2021-05-24,18:41:42,guro4ever54,서울 버스정보 안내 서버 점검인가 아님 서버가 터진 건가,0,0
288,2021-05-24,08:39:41,tritium_fs2,와 원래 학교 갈 때 광역버스 쟈철탔는데 오늘은 잘못 타서 그냥 시 내버스 갈아타서 간단 말 야 근데 서울버스 너무 신기하다 내가 손 흔들지 않았는데 그냥 정류장에 서 주네 누가 그 버스를 탈 줄 어떻게 알고 그냥 모든 버스가 일단 쫘르르 다 서줌 경기인으로서 신기함,0,1
289,2021-05-24,08:24:19,seoul_bus_bot,서울특별시 시내버스 번호 부여 방법 출발권역 도착 권역 일련번호 간선버스 지선버스 맞춤버스 마을버스 지자체 명 광역버스 순환버스,0,0
290,2021-05-24,04:51:57,gdc232,지하철 버스 간 환승할인이 되지 않을 땐 일 평균 만명대 중후반에 머물렀지만 서울버스와 환승이 된 이후에는 만 명대로 다소 증가했으며 경기버스와 환승이 된 후에는 하루 평균 만 명으로 수요가 껑충 뛰었어요,0,0
291,2021-05-24,04:21:54,gdc232,수원 천안 방향이나 청량리 의 정부 방향으로 가야 할 때는 신도림역에서 갈아타는 것보다 중앙버스전용차로 상행 정류장이나 하행 정류장에서 서울 버스 을 타는 것이 좋아요,0,0
292,2021-05-23,21:38:35,bty1fde6ptuoxnn,어휴 서울 버스타다가 오면 난폭 운전하는 거 확 느껴짐,0,0
293,2021-05-23,19:15:54,moon_2113,서울버스에요,0,1
294,2021-05-23,17:25:48,1ny0ureyes,맞아 하지만 이 친구는 서울 버스라 지금 배신감이 두 배예요 ㅠ 근데 류이킁 오늘 저녁 같이 먹을 수 있나,0,0
295,2021-05-23,16:24:17,seoul_bus_bot,서울특별시 시내버스 번호 부여 방법 출발권역 도착 권역 일련번호 간선버스 지선버스 맞춤버스 마을버스 지자체 명 광역버스 순환버스,0,0
296,2021-05-23,14:47:18,songnaestn_bot,우리 역 연계교통 송 내역 환승센터 구역 부천 버스 고강동 당산역 영등포역 서울 버스 이화여대 자동,0,0
297,2021-05-23,12:21:07,ong_12345,서울버스는 역시 힘들어,0,0
298,2021-05-23,12:05:40,sseung_c,일욜엔 궁기를 좀 빨리 떼서 서울버스 타는 데까지 걸어다녀야겠네 배차 간격 머선 일ㅠ,0,0
299,2021-05-23,09:52:03,tkfkdgo0121,와 진짜 인생 첨으로 서울버스 혼자 탔다 지하철은 혼자서도 탔었지만 버스는 첨인데 이 거 되게 심장 쫄깃하네 그나저나 하이브 서울역에서 가는 버스도 많고 좋다,0,13
300,2021-05-23,08:31:55,silvlune_,아 서울 버스는 다 정류장마다 멈추는구나 경기도 버스,0,0
301,2021-05-23,04:52:22,gdc232,지하철 버스 간 환승할인이 되지 않을 땐 일 평균 만명대 중후반에 머물렀지만 서울버스와 환승이 된 이후에는 만 명대로 다소 증가했으며 경기버스와 환승이 된 후에는 하루 평균 만 명으로 수요가 껑충 뛰었어요,0,0
302,2021-05-23,04:21:55,gdc232,수원 천안 방향이나 청량리 의 정부 방향으로 가야 할 때는 신도림역에서 갈아타는 것보다 중앙버스전용차로 상행 정류장이나 하행 정류장에서 서울 버스 을 타는 것이 좋아요,0,0
303,2021-05-23,01:02:09,danggogae409,이 노선은 번 출구에서 탈 수 없어요 차고지까지 가야 탈 수 있는 노선이에 요 서울버스,0,0
304,2021-05-23,00:23:55,seoul_bus_bot,서울특별시 시내버스 번호 부여 방법 출발권역 도착 권역 일련번호 간선버스 지선버스 맞춤버스 마을버스 지자체 명 광역버스 순환버스,0,0
305,2021-05-22,18:05:05,smolbeangame,서울버스는 안에 티비 있네 개신기,0,0
306,2021-05-22,16:15:57,wooooo_da,서울 버스는 내릴 때도 무조건 찍어야 한다는 게 사실인가요,0,1
307,2021-05-22,14:04:09,l_chaa_,서울 버스는 다음 버스 환승 안 할 거래도 하차 찍어야 한다고요,0,2
308,2021-05-22,13:15:43,songnaestn_bot,우리 역 연계교통 송 내역 환승센터 구역 부천 버스 고강동 당산역 영등포역 서울 버스 이화여대 자동,0,0
309,2021-05-22,12:13:20,vocalryn,진짜 주말마다 번 버스 때문에 짜증 나야 하는지 배차 간격 분씩 놓을 거면 서울 버스에서 빠져,0,1
310,2021-05-22,09:55:39,baby_6v6,서울버스 타기 전 인증,0,0
311,2021-05-22,04:52:06,gdc232,지하철 버스 간 환승할인이 되지 않을 땐 일 평균 만명대 중후반에 머물렀지만 서울버스와 환승이 된 이후에는 만 명대로 다소 증가했으며 경기버스와 환승이 된 후에는 하루 평균 만 명으로 수요가 껑충 뛰었어요,0,0
312,2021-05-22,02:45:45,songnaestn_bot,우리 역 연계교통 송 내역 환승센터 구역 부천 버스 고강동 당산역 영등포역 서울 버스 이화여대 자동,0,0
313,2021-05-21,19:02:40,lolredbug,휴 서울버스 지하철에서는 피해망상 있어서 내가 누구랑 얘기할 때 병신 같아서 다른 사람들이 존 나쳐다보는 것 같아도 어쩌라고 씨ㅋㅋ보지마모드인데 근데 계속 신경 쓰여서 마음 안 좋음 집 앞에만 오면 기 분존 나 좋아져서 순수 처량 명문 여고 여고생처럼 걸음 존 나착해짐 약간 내가 꿈에 그리던 학생처럼 행동함,0,0
314,2021-05-21,16:15:20,bullet_proofly,너무 깊게 들어가는 건 아닌 것 같은 게 평소에 윤기 장난치는 거 보면 로 바꾼 것도 그렇고 대구 버스 서울버스 윤기 예전 활동명이 이름 영어로 한 인거니까 너무 꼬고 이런 건 아닌 것 같아서,2,74
315,2021-05-21,16:11:08,malrangjm,명왕성 얘기 대구 서울 버스 하분명 뭐가 잇을 텐데 아무도 몰라,20,58
316,2021-05-21,15:45:45,songnaestn_bot,우리 역 연계교통 송 내역 환승센터 구역 부천 버스 고강동 당산역 영등포역 서울 버스 이화여대 자동,0,0
317,2021-05-21,14:08:58,sweetyu_66,역시 서울 버스가 양반이네,0,3
318,2021-05-21,14:06:38,ganghajii,서울 버스는 현금이랑 카드랑 비용 다른 거 지금 알음 진짜 왤 케 팍팍하냐,0,1
319,2021-05-21,12:48:21,shiftpsh,반면 서울버스에는 알아볼 수 없 는 노선도가 있죠,0,0
320,2021-05-21,04:51:52,gdc232,지하철 버스 간 환승할인이 되지 않을 땐 일 평균 만명대 중후반에 머물렀지만 서울버스와 환승이 된 이후에는 만 명대로 다소 증가했으며 경기버스와 환승이 된 후에는 하루 평균 만 명으로 수요가 껑충 뛰었어요,0,0
321,2021-05-20,23:30:21,sndjd_elf,엥 서울 버스 내릴 때 환승 안 할려고 해도 카드 찍고 내려,0,0
322,2021-05-20,18:48:58,dduck163,교통 만화 보는데 새삼 느끼는 건 전주 버스 안 좋구나 인 난 진짜 서울 버스 타기 전까지 랑 악명 높다는 얘기 듣기 전까진 곧 폐차하는 거 아닐까 하면서 내장재 다 보이는 버스에 드리프트하는 걸 느끼면서 이러다 넘어지지 하는 상상하며 승객과 싸우는 게 원래 그런 건 줄 알았던,0,0
323,2021-05-20,18:34:10,gyo_e_eg,머임 서울버스 왜 지갑 채로 찍으면 인식 못하는 겨,0,0
324,2021-05-20,17:47:28,menbosha,번 서울 버스 기사들 이젠 화장실 걱정 없이 운행 출처 네이버 뉴스 잘 되었네,2,2
325,2021-05-20,17:20:33,shiftpsh,서울버스 특징 잠시 후 도착 버스는 버스입니다,4,12
326,2021-05-20,17:07:44,macrostar,번 서울 버스 기사들 이젠 화장실 걱정 없이 운행,2,1
327,2021-05-20,15:38:17,xssuny007,번 서울 버스 기사들 이젠 화장실 걱정 없이 운행 다음 뉴스 조은희 구청장은 이 번 조치가 시내버스 운수 종사자들의 근로 여건 문제를 다 해결하지는 않지만 최소한의 기 본권을 지켜드리고자 서둘러 진행했다,1,0
328,2021-05-20,14:55:22,jyan_private,아무리 생각해도 의문이 다 서울 버스는 왜 다음 정류장 어떤 거라고 말을 안 하죠 나 지금 열심히 정류장 세고 있어,0,0
329,2021-05-20,13:09:32,nxomatt,버스 개 느려 무슨 서울 버스도 아니고 광역버스가 이렇게 느려 서울 마을버스 타는 기분이야,0,0
330,2021-05-20,06:45:45,songnaestn_bot,우리 역 연계교통 송 내역 환승센터 구역 부천 버스 고강동 당산역 영등포역 서울 버스 이화여대 자동,0,0
331,2021-05-20,04:52:07,gdc232,지하철 버스 간 환승할인이 되지 않을 땐 일 평균 만명대 중후반에 머물렀지만 서울버스와 환승이 된 이후에는 만 명대로 다소 증가했으며 경기버스와 환승이 된 후에는 하루 평균 만 명으로 수요가 껑충 뛰었어요,0,0
332,2021-05-20,04:21:53,gdc232,수원 천안 방향이나 청량리 의 정부 방향으로 가야 할 때는 신도림역에서 갈아타는 것보다 중앙버스전용차로 상행 정류장이나 하행 정류장에서 서울 버스 을 타는 것이 좋아요,0,0
333,2021-05-20,00:47:50,219_jw_,인천 막차 분 분 헷갈려서 놓치기 그래놓고 서울 버스 타기 서울에서 인천까지 택시 타고 가 기 파란만장 우당탕탕 김쫑으ㅣ 여행,0,1
334,2021-05-19,04:51:57,gdc232,지하철 버스 간 환승할인이 되지 않을 땐 일 평균 만명대 중후반에 머물렀지만 서울버스와 환승이 된 이후에는 만 명대로 다소 증가했으며 경기버스와 환승이 된 후에는 하루 평균 만 명으로 수요가 껑충 뛰었어요,0,0
335,2021-05-19,04:22:13,gdc232,수원 천안 방향이나 청량리 의 정부 방향으로 가야 할 때는 신도림역에서 갈아타는 것보다 중앙버스전용차로 상행 정류장이나 하행 정류장에서 서울 버스 을 타는 것이 좋아요,0,0
336,2021-05-19,03:45:43,songnaestn_bot,우리 역 연계교통 송 내역 환승센터 구역 부천 버스 고강동 당산역 영등포역 서울 버스 이화여대 자동,0,0
337,2021-05-19,01:02:28,danggogae409,이 노선은 번 출구에서 탈 수 없어요 차고지까지 가야 탈 수 있는 노선이에 요 서울버스,0,0
338,2021-05-18,18:32:47,dopang_00,서울버스 한 번 타기 존 나 힘드네 ㅆㅂ 뭔 버스가 줄줄이 소세지로 대가 동시에 와 내버스 찾느라 천국 갈 뻔,0,4
339,2021-05-18,13:02:27,tokihyou,ㅋㅋ 울버스 에어컨 안 틀어주는 지 체험해보고 올게,0,1
340,2021-05-18,04:52:02,gdc232,지하철 버스 간 환승할인이 되지 않을 땐 일 평균 만명대 중후반에 머물렀지만 서울버스와 환승이 된 이후에는 만 명대로 다소 증가했으며 경기버스와 환승이 된 후에는 하루 평균 만 명으로 수요가 껑충 뛰었어요,0,0
341,2021-05-18,04:22:05,gdc232,수원 천안 방향이나 청량리 의 정부 방향으로 가야 할 때는 신도림역에서 갈아타는 것보다 중앙버스전용차로 상행 정류장이나 하행 정류장에서 서울 버스 을 타는 것이 좋아요,0,0
342,2021-05-18,01:02:29,danggogae409,이 노선은 번 출구에서 탈 수 없어요 차고지까지 가야 탈 수 있는 노선이에 요 서울버스,0,0
343,2021-05-18,00:39:51,boo_mmiing,엉 경기도 살아 서울버스 신기하더라,0,0
344,2021-05-18,00:37:30,live_2200,청주인 엉엉 울면서 서울 버스 알아봅니다,0,0
345,2021-05-17,19:15:43,songnaestn_bot,우리 역 연계교통 송 내역 환승센터 구역 부천 버스 고강동 당산역 영등포역 서울 버스 이화여대 자동,0,0
346,2021-05-17,17:05:14,realueetvv,수소버스 가 안 덜컹거리고 스무스하게 가는 게 서울버스랑 비슷한 거 같은데 그럼에도 버스는 험난함 이게 부드럽게 스윽 가면서 이리저리 흔들려 갖고 오늘도 존 나 펄럭 대다가 옴 손잡이는 또씨 발 존 나 높아서 팔에 힘도 안 줘짐,0,0
347,2021-05-17,04:51:52,gdc232,지하철 버스 간 환승할인이 되지 않을 땐 일 평균 만명대 중후반에 머물렀지만 서울버스와 환승이 된 이후에는 만 명대로 다소 증가했으며 경기버스와 환승이 된 후에는 하루 평균 만 명으로 수요가 껑충 뛰었어요,0,0
348,2021-05-17,04:22:04,gdc232,수원 천안 방향이나 청량리 의 정부 방향으로 가야 할 때는 신도림역에서 갈아타는 것보다 중앙버스전용차로 상행 정류장이나 하행 정류장에서 서울 버스 을 타는 것이 좋아요,0,0
349,2021-05-16,16:57:38,windstarlit,서울과 정거장도 안 되는데 버스 정류장에 버스 노선도에 안 붙어 있어서 경기도 콜센터 전화하니까 서울 버스라 그런 것 같다고 운수회사로 직접 물어보라고 시 내버스가 거의 광역버스 수준으로 늦게 오네 탓다,0,0
350,2021-05-16,13:11:57,summer_lastname,서울 버스가 줄은 게 서울 일이 지 뭐 어 저란 말임 지방은 지하철이 없어서 버스 밖에 선택지가 없는데,0,0
351,2021-05-16,12:17:03,myclassicblue,서울버스가 경기버스보다 싸구나,0,0
352,2021-05-16,12:15:43,songnaestn_bot,우리 역 연계교통 송 내역 환승센터 구역 부천 버스 고강동 당산역 영등포역 서울 버스 이화여대 자동,0,0
353,2021-05-16,04:21:55,gdc232,수원 천안 방향이나 청량리 의 정부 방향으로 가야 할 때는 신도림역에서 갈아타는 것보다 중앙버스전용차로 상행 정류장이나 하행 정류장에서 서울 버스 을 타는 것이 좋아요,0,0
354,2021-05-16,01:02:05,danggogae409,이 노선은 번 출구에서 탈 수 없어요 차고지까지 가야 탈 수 있는 노선이에 요 서울버스,0,0
355,2021-05-15,23:21:04,hywhi_,아 진심 나 서울 버스 내릴 때 찍는 거 고 삼때 인 강 듣다 알았음,0,0
356,2021-05-15,22:55:43,alotof08,서울 버스 이용할 때 하차 꼬옥 찍기,0,0
357,2021-05-15,22:09:13,hibiyasleep,아 그냥 환승이 안 될 뿐 이래 다만 경기도의 거리 비례제 버스의 경우 서울버스더라도 회라도 환승 후 하차태그 빼먹으면 무조건 기본료 한번 더,1,0
358,2021-05-15,21:55:20,sleeping_gomi,나 서울와서 버스 딱 한 번 칭구네 집 갈 때 칭구랑 같이 탄 거 빼곤 없어서 몰랐네 딴건 몰라도 울 동네 버스 타 다 서울버스 타니 나긋나긋 답답하더라,0,1
359,2021-05-15,21:07:14,n_saids_,저런 서울 버스는 매정해서 그거 안 찍고 내리면 최대 원까지 더 나올 수 있어요 경험담,0,0
360,2021-05-15,21:02:40,xxx6137,서울 버스 탔을 때 태그 찍는 게 젤 신기햇다,0,0
361,2021-05-15,20:52:37,_boiled_egg__,서울버스에 차곡차곡 쫌쫌따리 저축을 하고 말았네 ㅋㅋ,0,0
362,2021-05-15,20:47:02,_boiled_egg__,서울버스를 한 층 부유하게 만들어 주었다,0,0
363,2021-05-15,20:46:44,_boiled_egg__,ㅋ ㅋ ㅋ ㅋ ㅋ울버스를 한 층 부유하게 만들어 주었습니다,0,0
364,2021-05-15,20:46:19,_boiled_egg__,오 나는 서울버스를 유복하게 만들어 주었구나,0,0
365,2021-05-15,20:12:20,_dongdangdong,ㅋㅋ도 서울버스는 찍고 내려야 한단 거 듣고 진짜 불편하겠다라고 생각했ㅋㅋ 내리기도 바쁜데 카드까지 찍으라ㅋㅋ,0,0
366,2021-05-15,20:03:01,thxgiftxd,버스비는 서울 이 싼 것 같던데 서울버스 잘 안타봐서 모르지만,0,0
367,2021-05-15,04:22:12,gdc232,수원 천안 방향이나 청량리 의 정부 방향으로 가야 할 때는 신도림역에서 갈아타는 것보다 중앙버스전용차로 상행 정류장이나 하행 정류장에서 서울 버스 을 타는 것이 좋아요,0,0
368,2021-05-15,01:05:45,love_james2,저거 서울버스 아니야,0,0
369,2021-05-14,23:58:59,wwnrnnin00,오프 하려면 보통 서울 버스 값기차 값 으아악 대략 만 원,0,6
370,2021-05-14,23:07:45,sangdeokparkkk,서울 버스에서 처떠드는 새끼들 할은 외국인이 고 할 은 유충 잼민이 새끼들임,0,0
371,2021-05-14,17:48:25,pun_pun_e_,서울버스 사람 너무 많이 타서 앞문으로는 도저히 못 타게 되는 때가 있어요 그래요 지금 같은 금요일 퇴근길이 요 방금 사람 꽉 꽉 들어차서 뒷문 승차하고 카드 태그 했단 뜻임,0,0
372,2021-05-14,17:09:53,shinee_adorable,하핫 ㅎ ㅎㅎ 서울버스 싫어어어,0,0
373,2021-05-14,14:52:59,tv6397,코로나 여파 서울버스 승객 급감 공항버스는 폐 선 위기 출처 아시아경제 네이버 뉴스,0,0
374,2021-05-14,11:08:20,_210407,ㅎㅎ 서울 버스 중앙차로로 바뀌면서 같은 노선 기사님들 지나칠 때 인사하시는 거 귀엽고 보기 좋음,0,1
375,2021-05-14,10:26:36,tickguri,아 그려 속우면 안 되겠군 근데 내가 타본 서울 버스 전부 안전운전했음 적어도 궁딩이가 의자에 붙어 있지 않니,0,0
376,2021-05-14,04:52:11,gdc232,지하철 버스 간 환승할인이 되지 않을 땐 일 평균 만명대 중후반에 머물렀지만 서울버스와 환승이 된 이후에는 만 명대로 다소 증가했으며 경기버스와 환승이 된 후에는 하루 평균 만 명으로 수요가 껑충 뛰었어요,0,0
377,2021-05-14,04:28:47,dajin__design,헉 마자 요 서울 버스 넘 체고,0,1
378,2021-05-14,02:38:12,gooddaysjin,헐 뭐야 서울버스가 원이야 경기도가 웜 이게,0,0
379,2021-05-14,01:01:53,danggogae409,이 노선은 번 출구에서 탈 수 없어요 차고지까지 가야 탈 수 있는 노선이에 요 서울버스,0,0
380,2021-05-13,21:50:07,gg_dyo,아 친구랑 강남구청역 가는 버스 탔다가 둘이 순간 카드 어 따 찍는 건지 몰라서 당 황ㅋㅋ 아니 서울버스는 위치가 다르네 인천은 타자마자 계단 앞에 바로 있는데 카드들 고 어 디지 방황함 기사님 뒤에 있더라 ㄴㅇㄱ,0,0
381,2021-05-13,19:22:42,gang__3,그만 살고 싶습니까 서울 버스,0,1
382,2021-05-13,17:00:55,mongza_yoon,서울버스에도 잇고 유명한 유튜버 영상도 나와유,0,0
383,2021-05-13,16:58:58,pang_sexylsy,나도 사실 서울버스는 잘 모르겠고 경기도에선 거의 있을 걸 근데 맨날 광고만 띄워주다가 이 번역 어디라고 띄우는 것 뿐 잉데ㅋㅋㅌㅌㅋㅋ,0,0
384,2021-05-13,09:37:07,yeoyoon09,아니 버스가 분에 와야 하는데 지금 기준 분 뒤에 온 다니 서울 버스 아닌 시골 라이프 역시 여전히 적응 안 됨,0,5
385,2021-05-13,08:40:35,sosorrow_,서울버스 살벌하네,0,0
386,2021-05-13,04:51:58,gdc232,지하철 버스 간 환승할인이 되지 않을 땐 일 평균 만명대 중후반에 머물렀지만 서울버스와 환승이 된 이후에는 만 명대로 다소 증가했으며 경기버스와 환승이 된 후에는 하루 평균 만 명으로 수요가 껑충 뛰었어요,0,0
387,2021-05-13,04:22:12,gdc232,수원 천안 방향이나 청량리 의 정부 방향으로 가야 할 때는 신도림역에서 갈아타는 것보다 중앙버스전용차로 상행 정류장이나 하행 정류장에서 서울 버스 을 타는 것이 좋아요,0,0
388,2021-05-13,00:35:03,nejjonejjonej,서울버스 기준으로는 좌석이 좀 이 상하지만 앞 문과 뒷문 사이 좌석이 개뿐이라고 최근은 무조건 이나 중 장애인석과 임산부석이 아니면서 해 안 비치는 쪽을 가장 선호함 저 두 자리가 제일 넓어 정확히는 앞에서 두 번째 자리들,0,0
389,2021-05-12,23:42:35,tzqabm078huhcfd,쒸익 서울 버스 서울 지하철 이젠 낚이지 않는다 한두 번 잘못 탄 게 아냐,0,0
390,2021-05-12,07:45:44,footnote_no0,정작 아웃 서울 노선들도 아웃 서울 민원 아웃서울 지자체들의 미 온적인 협조 서울 버스 총량제 때문에 개정 안 못하면서 올해 초 개정 때 번도 안 짤라놓고 올해까지 뭐 어쩌고 어째,0,0
391,2021-05-12,04:51:54,gdc232,지하철 버스 간 환승할인이 되지 않을 땐 일 평균 만명대 중후반에 머물렀지만 서울버스와 환승이 된 이후에는 만 명대로 다소 증가했으며 경기버스와 환승이 된 후에는 하루 평균 만 명으로 수요가 껑충 뛰었어요,0,0
392,2021-05-12,04:21:52,gdc232,수원 천안 방향이나 청량리 의 정부 방향으로 가야 할 때는 신도림역에서 갈아타는 것보다 중앙버스전용차로 상행 정류장이나 하행 정류장에서 서울 버스 을 타는 것이 좋아요,0,0
393,2021-05-12,02:19:20,ssagessagenaga,혹은 경기도 버스여서 서울버스보다 비싼 지 이런 걸 다 생각해보고 타고 싶지만 너무 바쁘다면 번을 타고 그렇지 않으면 번을 탈 듯,0,0
394,2021-05-11,22:48:34,egg_m_0312,서울 버스 한 번이면 가는데 갈 일 진짜 없는 곳,0,0
395,2021-05-11,04:52:13,gdc232,지하철 버스 간 환승할인이 되지 않을 땐 일 평균 만명대 중후반에 머물렀지만 서울버스와 환승이 된 이후에는 만 명대로 다소 증가했으며 경기버스와 환승이 된 후에는 하루 평균 만 명으로 수요가 껑충 뛰었어요,0,0
396,2021-05-11,04:22:02,gdc232,수원 천안 방향이나 청량리 의 정부 방향으로 가야 할 때는 신도림역에서 갈아타는 것보다 중앙버스전용차로 상행 정류장이나 하행 정류장에서 서울 버스 을 타는 것이 좋아요,0,0
397,2021-05-10,21:45:45,songnaestn_bot,우리 역 연계교통 송 내역 환승센터 구역 부천 버스 고강동 당산역 영등포역 서울 버스 이화여대 자동,0,0
398,2021-05-10,20:25:31,ii_seo_,네 경기버스요 분마다 오는 서울 버스 말고 분 기다리면 겨우 오는 경기버스 메루카리,0,0
399,2021-05-10,17:38:17,yole_one,부산 가서 번과 번을 타봐야겠군 서울에는 풍경 좋은 버스가 한강쪽 지나가는 거 사실 잘 모르겠네 내가 탔던 버스는 지금은 서울 버스 번호 정리하며 번호가 바껴서 몇 번인지 모르겠다 명동과 종로 쪽 갔다 오는 거였고 그렇게까지 긴 노선은 아니 여도 한 시간 반은 걸린 거 같다,0,0
400,2021-05-10,04:52:06,gdc232,지하철 버스 간 환승할인이 되지 않을 땐 일 평균 만명대 중후반에 머물렀지만 서울버스와 환승이 된 이후에는 만 명대로 다소 증가했으며 경기버스와 환승이 된 후에는 하루 평균 만 명으로 수요가 껑충 뛰었어요,0,0
401,2021-05-09,23:16:42,songnaestn_bot,우리 역 연계교통 송 내역 환승센터 구역 부천 버스 고강동 당산역 영등포역 서울 버스 이화여대 자동,0,0
402,2021-05-09,21:34:35,boy_s128,인터파크 팬사인회 부산 서울 버스전용 차로로 달리면서 온 결과물 박성훈 성훈 엔 하이픈 성훈에스소년,312,610
403,2021-05-09,20:21:12,cmrbada,가끔 인터넷에 돌아다니는 짤 중에 서울 버스랑 경기 버스랑 부딪혀서 사고 난 거 보면 서울 경기 격돌 승자는 이런 거 밖에 생각이 안 들어,0,0
404,2021-05-09,15:53:40,c1252666,언니 서울 서울이라도 제발 서울버스 번 타고 조금만 환승하면 된 단말이야 왕벅 원도 안해 제발 ㅠㅠ,0,0
405,2021-05-09,05:45:49,songnaestn_bot,우리 역 연계교통 송 내역 환승센터 구역 부천 버스 고강동 당산역 영등포역 서울 버스 이화여대 자동,0,0
406,2021-05-09,04:52:03,gdc232,지하철 버스 간 환승할인이 되지 않을 땐 일 평균 만명대 중후반에 머물렀지만 서울버스와 환승이 된 이후에는 만 명대로 다소 증가했으며 경기버스와 환승이 된 후에는 하루 평균 만 명으로 수요가 껑충 뛰었어요,0,0
407,2021-05-09,04:22:08,gdc232,수원 천안 방향이나 청량리 의 정부 방향으로 가야 할 때는 신도림역에서 갈아타는 것보다 중앙버스전용차로 상행 정류장이나 하행 정류장에서 서울 버스 을 타는 것이 좋아요,0,0
408,2021-05-09,01:52:02,seri__fox,서울버스 취소하고 대구 예매 갈겨요,1,2
409,2021-05-08,21:39:17,laffey_chino,후자는 진심 공감합니다 경기도 버스뿐만 아니라 서울 버스도 그러던 뒤에 오고 있는데 그냥 쌩하고 가버린,0,1
410,2021-05-08,21:24:15,u_tchi,서울버스는 정류장 완전 정차가 의 무인지 마을버스도 정류장마다 다 섰다가 가 고 느긋하게 운전하는 느낌은 있는데 문만 닫으면 다시 레이싱 모드 됨,0,1
411,2021-05-08,19:59:20,campodefiori03,아 진짜 서울 버스 ㅈㄴ 어 길 중간에서 타는 거 너무 싫어 이건 방향치에게 크나큰 시련이라고 방향 ㅈㄴ 갈려서 공연 끝나고도 분 동안 횡단보도 만 세 번 건너며 이 일대를 헤매고 있어 나 그냥 걸어서 갈 게 버스 말고 좀 걸어서 지하철역 가는 방법 좀 알려주지 않으련 지도 앱아,0,1
412,2021-05-08,12:25:34,min2malife,서울버스 탈 때마다 승차감과 속도에 적응 못함,0,0
413,2021-05-08,11:51:05,yulcos_,서울이면 서울버스에 경기면 경기버스치면 버스 민원 넣는 곳 바로 나옴,0,0
414,2021-05-08,04:26:22,kkf419,영탁 팬클럽 월 일 영탁 생일 기념 서울 버스 광고 진행 영탁 미스터트롯 영탁 사랑의 콜센 타 영탁 뽕숭아학당 영탁 영탁의 불쑥 니가 왜 거기서 나와 찐 이야 영탁트롯픽 영탁 폴리니크 영탁 정성발효 영탁인성탁 영탁이불 영탁 프로듀서 영탁 따라따라와,1,1
415,2021-05-08,04:21:53,gdc232,수원 천안 방향이나 청량리 의 정부 방향으로 가야 할 때는 신도림역에서 갈아타는 것보다 중앙버스전용차로 상행 정류장이나 하행 정류장에서 서울 버스 을 타는 것이 좋아요,0,0
416,2021-05-08,01:02:20,danggogae409,이 노선은 번 출구에서 탈 수 없어요 차고지까지 가야 탈 수 있는 노선이에 요 서울버스,0,0
417,2021-05-08,00:51:12,brtkorea,알려드립니다 현재 운행 중인 서울버스 소속 간선버스 번은 광화문광장 재조성 공사로 인한 교통통제로 인해 정상운행이 제대로 이루어지지 않을 수 있으니 많은 양해 부탁드리며 문의사항은 로 문의가 가능하오니 많은 이용 바랍니다,0,0
418,2021-05-07,22:56:10,catcolor3,아무래도 타요가 서울버스가 아니었다면 아동 애니가 아니라 도로 위 느와 르물이 됐겠지 아프겠다ㅜㅡㅜㅜㅠㅡ 고생했어 ㅜㅜ 오늘도 익스프레스를 이용해주셔서 감사합니다 경기교통공사,0,0
419,2021-05-07,22:50:47,catcolor3,ㅋㄱㄱㅋㄱㄱㄱㅜㅜㅡ 대마초는 서울버스 많이 타잖아 나 가끔 영등포에서 번 타면 행복해 친절하고 스무스해 인천버스 다들 모셔야 하는데 시내버스 몰더라 시간 분 안 막힐 때 기준 거리를 퇴근 시간에 번화가 지하철역 세 개 대학병원 지나고 분 분 걸린 아저씨 잊지 몬해,0,0
420,2021-05-07,22:43:57,catcolor3,서울 마을 버스는 안전봉을 균형 잡기 위해 잡지만 경기도 마을 버스는 살 기 위해 안전봉을 잡는 다는 차이점이 잇습니다 인천 시민입니다 서울버스만 타면 마음이 따닷해집니다 분 거리 분에 주파하는 버스 타고 다니는 사람 올림,1,0
421,2021-05-07,19:08:46,daeshasw,퇴근시간 서울버스는 노답입니다 ㅠㅠ 저도 옛날에 민호팬 미팅 갈 때 버스 탔다가 지각할 뻔 했어요,0,0
422,2021-05-07,19:05:08,shinee_adorable,서울버스 원래 이렇게 느리게 가요 당황스러움 왜 왜 이런 속도로 가지,0,1
423,2021-05-07,15:49:20,cyh201201,동생이 서울버스 밍 기적 댄다고 뭐라 했던 게 약간 이해되는 기분,0,0
424,2021-05-07,10:46:24,ain30521366,서울 버스는 피자 박스 들 고 타면 안 되나,0,2
425,2021-05-07,07:45:42,songnaestn_bot,우리 역 연계교통 송 내역 환승센터 구역 부천 버스 고강동 당산역 영등포역 서울 버스 이화여대 자동,0,0
426,2021-05-07,04:21:52,gdc232,수원 천안 방향이나 청량리 의 정부 방향으로 가야 할 때는 신도림역에서 갈아타는 것보다 중앙버스전용차로 상행 정류장이나 하행 정류장에서 서울 버스 을 타는 것이 좋아요,0,0
427,2021-05-07,01:18:08,helight_yuju,경기도에 방문하는 경우 경기버스가 비싸서 기피하기 때문에 서울버스와 지하철을 이용한다,0,0
428,2021-05-07,01:02:22,danggogae409,이 노선은 번 출구에서 탈 수 없어요 차고지까지 가야 탈 수 있는 노선이에 요 서울버스,0,0
429,2021-05-06,20:37:02,shuru_r,버스가 서울 버스 같았어요 다 만 다른 건 못 알아보겠지만 요 ㅋㅋㅠㅠㅠ,0,1
430,2021-05-06,16:15:44,songnaestn_bot,우리 역 연계교통 송 내역 환승센터 구역 부천 버스 고강동 당산역 영등포역 서울 버스 이화여대 자동,0,0
431,2021-05-06,15:53:28,wijs0704,아나 ㄹㅇ 나도 모르게 택시 잡듯이 그런다니까 ㅋㅋ 워낙 내가 서울 버스 잘 안타서 그럴지도 모르는데 ㅋㅋ 걍 지갑 들고 있다가 아니고 지갑을 들고 나 탈 거예요 하고 손 든다임,0,0
432,2021-05-06,15:46:54,wijs0704,서울 버스 무조건 서 고 보는 건 아는데 내가 학교를 경기도로 다녔고 거기가 버스만 다녀서 지하철 타려면 버스에서 갈아타야 함 그런 가 경기도는 ㄹㅇ 사람 별로 없을 때 가만히 서 있으면 서 지도 않고 가까이 오지도 않고 버스가 쌩 가더라고 암튼 그래서 나 서울 사는 데도 경기도인 마냥,0,3
433,2021-05-06,14:03:12,soz_712,서울 버스에서 들으면서 울고 잇는 사람 나에요,0,0
434,2021-05-06,14:01:15,plamu125,영탁 영탁의 불쑥 니가 왜 거기서 나와 찐 이야 영탁트롯픽 영탁 폴리니크 영탁 정성 발효 영탁인성탁 영탁이불 영탁 프로듀서 영탁 따라따라와 영탁 팬클럽 월 일 영탁 생일 기념 서울 버스 광고 진행 출처 엑스포츠 뉴스 네이버 연예,0,1
435,2021-05-06,12:57:43,peachcrush9,아몰라 난 평생 서울 버스만 타고 다녀서 배차 간격 분 따위 용납 못하니까 차량 투입 좀 하라고,0,0
436,2021-05-06,12:27:05,b__e_addicted,와 진짜 진짜 진짜 어색한 노선 ㅋㅋ 내가 부산 서울 버스를 ㅠㅠㅋㅋ,0,3
437,2021-05-06,12:22:23,xodebadizo,레고 수업 펩신 지역 서울버스 실시간 송삼석 정부지원대학원 심폴은 움짤 파스넷색연필 섹꼴녀 호텔급 매 살 여친구 디펙토 부빙가나무 곰 마장동몰카 치매 일반녀 방송 뷰타민주 아내인 김필성 치과 비키니 색 코 곤양조건 프로컴 명원산업,0,0
438,2021-05-06,11:42:14,jyan_private,미ㅣㅣ미친 서울 버스는 왜 여기가 어떤 정류장인지 안 알려주죠 미친 놓쳤어,0,0
439,2021-05-06,10:43:39,onlytak0513,영탁 팬클럽 월 일 영탁 생일 기념 서울 버스 광고 진행 출처 엑스포츠 뉴스 네이버 연예,0,1
440,2021-05-06,08:52:57,zerotag38,영탁 팬클럽 월 일 영탁 생일 기념 서울 버스 광고 진행 출처 엑스포츠 뉴스 네이버 연예,0,0
441,2021-05-06,04:51:54,gdc232,지하철 버스 간 환승할인이 되지 않을 땐 일 평균 만명대 중후반에 머물렀지만 서울버스와 환승이 된 이후에는 만 명대로 다소 증가했으며 경기버스와 환승이 된 후에는 하루 평균 만 명으로 수요가 껑충 뛰었어요,0,0
442,2021-05-06,01:01:44,danggogae409,이 노선은 번 출구에서 탈 수 없어요 차고지까지 가야 탈 수 있는 노선이에 요 서울버스,0,0
443,2021-05-06,00:04:57,real_sy_,서울을 열흘에 한 번씩 가도 딱 병원 진료만 받고 내려오는데 이번 진료 기간 동안에는 다른 건 몰라도 꼭 피카소 특별전은 보고 내려와야지 근데 벌써 남부터미널 역에서 내려 한 가람미술관까지 갈 생각하니까 고행길 같음 서울 버스 이용 못하는 사람,0,0
444,2021-05-05,22:43:53,haein2_tak2,영탁 팬클럽 월 일 영탁 생일 기념 서울 버스 광고 진행 영탁 미스터트롯 영탁 사랑의 콜센 타 영탁 뽕숭아학당 영탁 영탁의 불쑥 니가 왜 거기서 나와 찐 이야 영탁트롯픽 영탁 폴리니크 영탁 정성발효 영탁인성탁 영탁이불 영탁 프로듀서 영탁 따라따라와,0,0
445,2021-05-05,22:14:50,sooookmaria,영탁 팬클럽 월 일 영탁 생일 기념 서울 버스 광고 진행 영탁 미스터트롯 영탁 사랑의 콜센 타 영탁 뽕숭아학당 영탁 영탁의 불쑥 니가 왜 거기서 나와 찐 이야 영탁트롯픽 영탁 폴리니크 영탁 정성발효 영탁인성탁 영탁이불 영탁 프로듀서 영탁 따라따라와,0,1
446,2021-05-05,19:14:21,genuineonce,오늘 서울버스 타 보니 쿠키런 광고가 이렇게 붙었더군 ㅎㅎ,0,0
447,2021-05-05,18:48:35,fvc4jlamyhmqdmy,영탁 팬클럽 월 일 영탁 생일 기념 서울 버스 광고 진행 영탁 영탁의 불쑥 뽕숭아학당 영탁 사랑의 콜센타 영탁 영탁이 불 영탁 따라따라와 영탁 돋보기 영탁눈치제로 영탁 알랑가 몰라 영탁화 등 영탁 개여울 영탁산다는 건 다 그런 게 아니겠니 영탁 찐 이야 이불 영탁작곡가,3,6
448,2021-05-05,18:39:22,fspsowsarj5jtb4,영탁 팬클럽 월 일 영탁 생일 기념 서울 버스 광고 진행 영탁 가수 영탁 사랑의 콜센타 영탁 뽕숭아학당 영탁 미스터트롯 영탁,1,4
449,2021-05-05,14:24:45,plamu125,영탁 뽕숭아학당 영탁 영탁의 불쑥 니가 왜 거기서 나와 찐 이야 영탁트롯픽 영탁 폴리니크 영탁 정성발효 영탁인성탁 영탁이불 영탁 프로듀서 영탁 따라따라와 영탁 팬클럽 월 일 영탁 생일 기념 서울 버스 광고 진행 출처 엑스포츠 뉴스 네이버 연예,0,0
450,2021-05-05,13:39:52,zerotak2_bong,영탁 팬클럽 월 일 영탁 생일 기념 서울 버스 광고 진행,0,0
451,2021-05-05,13:12:20,shxwme_u,넹 서울 버스는 년 전이 마지막,0,0
452,2021-05-05,12:15:44,songnaestn_bot,우리 역 연계교통 송 내역 환승센터 구역 부천 버스 고강동 당산역 영등포역 서울 버스 이화여대 자동,0,0
453,2021-05-05,04:52:02,gdc232,지하철 버스 간 환승할인이 되지 않을 땐 일 평균 만명대 중후반에 머물렀지만 서울버스와 환승이 된 이후에는 만 명대로 다소 증가했으며 경기버스와 환승이 된 후에는 하루 평균 만 명으로 수요가 껑충 뛰었어요,0,0
454,2021-05-05,02:11:11,haein2_tak2,영탁 팬클럽 월 일 영탁 생일 기념 서울 버스 광고 진행 영탁 월 일 생일 축하해 영탁 사랑의 콜센타 영탁 뽕숭아학당 영탁 영탁불쑥티비 영탁이불 영탁생일 영탁생일 축하해,0,1
455,2021-05-05,01:38:11,sooookmaria,영탁 팬클럽 월 일 영탁 생일 기념 서울 버스 광고 진행 영탁 미스터트롯 영탁 사랑의 콜센 타 영탁 뽕숭아학당 영탁 영탁의 불쑥 니가 왜 거기서 나와 찐 이야 영탁트롯픽 영탁 폴리니크 영탁 정성발효 영탁인성탁 영탁이불 영탁 프로듀서 영탁 따라따라와,0,2
456,2021-05-05,00:51:29,myiop798,영탁 팬클럽 월 일 영탁 생일 기념 서울 버스 광고 진행 영탁 사랑의 콜센타 영탁 영탁이 불 뽕숭아학당 영탁 영탁 프로듀서 영탁사랑한 다 영탁불쑥티비 영탁꽃길 영탁생일 영탁생일 축하해 영탁 벤치 영탁 최고의 사랑 영탁 바람의 노래,0,1
457,2021-05-05,00:51:18,srapid228,대표적인 예 서울버스 도선 여객,0,1
458,2021-05-05,00:48:18,plamu125,영탁 뽕숭아학당 영탁 영탁의 불쑥 니가 왜 거기서 나와 찐 이야 영탁트롯픽 영탁 폴리니크 영탁 정성발효 영탁인성탁 영탁이불 영탁 프로듀서 영탁 따라따라와 영탁 팬클럽 월 일 영탁 생일 기념 서울 버스 광고 진행 출처 엑스포츠 뉴스 네이버 연예,0,0
459,2021-05-04,22:48:00,j9gnmvpqvzndojr,영탁 팬클럽 월 일 영탁 생일 기념 서울 버스 광고 진행 출처 엑스포츠 뉴스 네이버 연예,0,0
460,2021-05-04,22:29:29,pyutwvxt00d0pca,영탁 팬클럽 월 일 영탁 생일 기념 서울 버스 광고 진행 영탁 영탁의 불쑥 사랑의 콜센타 영탁 뽕숭아학당 영탁 영탁생일 영탁사랑한 다 영탁이불,0,1
461,2021-05-04,22:28:09,jjjane513,영탁 팬클럽 월 일 영탁 생일 기념 서울 버스 광고 진행 영탁 미스터트롯 영탁 사랑의 콜센 타 영탁 뽕숭아학당 영탁 영탁의 불쑥 니가 왜 거기서 나와 찐 이야 영탁트롯픽 영탁 폴리니크 영탁 정성발효 영탁인성탁 영탁이불 영탁 프로듀서 영탁 따라따라와,0,1
462,2021-05-04,22:23:43,gyeong_takfan,영탁 팬클럽 월 일 영탁 생일 기념 서울 버스 광고 진행 영탁 영탁 영탁이불 영탁니가 왜 거기서 나와 영탁찐 이야 영탁 사랑의 콜센타 영탁뽕숭아학당 영탁의 불쑥 영탁 유튜브 영탁버스 광고,2,3
463,2021-05-04,22:07:55,xunwtsg7vi9pomn,영탁 영탁이 불 뽕숭아학당 영탁 사랑의 콜센 타 영탁 영탁불쑥티비 좋아요 영탁선한 영향력 영탁선행 영탁광고 영탁 프로듀서 영탁 팬클럽 월 일 영탁 생일 기념 서울 버스 광고 진행 출처 엑스포츠 뉴스 네이버 연예,0,2
464,2021-05-04,22:04:01,ksw1429,영탁 팬클럽 월 일 영탁 생일 기념 서울 버스 광고 진행 영탁 영탁의 불쑥 영탁 롯데칠성음료 영탁정성발효 사랑의 콜센타 영탁 뽕숭아학당 영탁 영탁 가족사진 영탁돋보기 영탁이불 영탁작곡 영탁 프로듀싱 영탁눈치제로 영탁 따라따라와,1,6
465,2021-05-04,21:46:19,hosizora0tak,영탁 팬클럽 월 일 영탁 생일 기념 서울 버스 광고 진행 출처 엑스포츠 뉴스 네이버 연예 영탁 영탁이불,0,0
466,2021-05-04,21:45:57,psbrpz0xtslddw4,영탁 팬클럽 월 일 영탁 생일 기념 서울 버스 광고 진행 영탁 영탁생일 영탁생일 축하해 미스터트롯 영탁 사랑의 콜센타 영탁 뽕숭아학당 영탁 영탁의 불쑥 니가 왜 거기서 나와 찐 이야 영탁트롯픽 영탁 폴리니크 영탁 정성발효 영탁인성탁 영탁이불 영탁 프로듀서,1,1
467,2021-05-04,21:39:06,xjmrlmhvnek3bbo,영탁 팬클럽 월 일 영탁 생일 기념 서울 버스 광고 진행 출처 엑스포츠 뉴스 네이버 연예 영탁 사랑의 콜센타 영탁이 불 뽕숭아학당,0,0
468,2021-05-04,21:32:23,7kgsuaznslqtv75,영탁 미스터트롯 영탁 사랑의 콜센 타 영탁 뽕숭아학당 영탁 영탁의 불쑥 니가 왜 거기서 나와 찐 이야 언 모만 영탁새마을금고 영탁 콘서트 영탁트롯픽 영탁 팬클럽 월 일 영탁 생일 기념 서울 버스 광고 진행 출처 엑스포츠 뉴스 네이버 연예,0,1
469,2021-05-04,21:20:58,jo873030,영탁 팬클럽 월 일 영탁 생일 기념 서울 버스 광고 진행 출처 엑스포츠 뉴스 네이버 연예,0,1
470,2021-05-04,21:18:15,irv8l0vf7pwnevy,영탁 팬클럽 월 일 영탁 생일 기념 서울 버스 광고 진행 출처 엑스포츠 뉴스 네이버 연예,0,0
471,2021-05-04,21:05:45,starson38854472,영탁 영탁 영탁이 딱 이야 팬클럽 생일 기념 선물 영탁 팬클럽 월 일 영탁 생일 기념 서울 버스 광고 진행 출처 엑스포츠 뉴스 네이버 연예,0,0
472,2021-05-04,20:56:46,irv8l0vf7pwnevy,영탁 팬클럽 월 일 영탁 생일 기념 서울 버스 광고 진행 출처 엑스포츠 뉴스 네이버 연예,0,0
473,2021-05-04,20:54:07,bbs7233,영탁 영탁의 불쑥 영탁이 불 뽕숭아학당 영탁 사랑의 콜센타 영탁 영탁 개여울 영탁형 영탁 프로듀싱 영탁돋보기 영탁눈치제로 영탁 따라따라와 영탁 팬클럽 월 일 영탁 생일 기념 서울 버스 광고 진행 출처 엑스포츠 뉴스 네이버 연예,0,1
474,2021-05-04,20:40:02,irv8l0vf7pwnevy,영탁 팬클럽 월 일 영탁 생일 기념 서울 버스 광고 진행 출처 엑스포츠 뉴스 네이버 연예,0,0
475,2021-05-04,19:26:49,seirentak,영탁 사랑의 콜센타 영탁 영탁이 불 뽕숭아학당 영탁 영탁 프로듀서 영탁 사랑한 다 영탁불쑥티비 영탁꽃길 영탁 생일 영탁생일 축하해 영탁 팬클럽 월 일 영탁 생일 기념 서울 버스 광고 진행 출처 엑스포츠 뉴스 네이버 연예,2,7
476,2021-05-04,19:22:43,k_chelly,퇴근시간 댕기려고 요령 피우다가 어 제보다 분 더 걸 ㅋㅋ 서울 버스 교통은 미쳤어,0,2
477,2021-05-04,19:09:02,jjc0815,영탁 영탁 알랑가 몰라 사랑의 콜센타 영탁 뽕숭아학당 영탁 영탁의 불쑥 미스터트롯 영탁 영탁이 불 영탁기부 영탁생일 영탁 좋아요 영탁 팬클럽 영탁 팬클럽 월 일 영탁 생일 기념 서울 버스 광고 진행 출처 엑스포츠 뉴스 네이버 연예,1,2
478,2021-05-04,19:07:43,jayafp1fgz7ldan,영탁 팬클럽 월 일 영탁 생일 기념 서울 버스 광고 진행 출처 엑스포츠 뉴스 네이버 연예,0,0
479,2021-05-04,19:00:06,jayafp1fgz7ldan,영탁 팬클럽 월 일 영탁 생일 기념 서울 버스 광고 진행 출처 엑스포츠 뉴스 네이버 연예,0,0
480,2021-05-04,18:55:22,miracle_evening,서울버스는 분마다와,0,0
481,2021-05-04,18:47:34,rad4jvud1lt2bys,영탁 팬클럽 월 일 영탁 생일 기념 서울 버스 광고 진행 출처 엑스포츠 뉴스 네이버 연예,0,0
482,2021-05-04,18:46:45,ektt2gtz4bm9xyk,영탁 팬클럽 월 일 영탁 생일 기념 서울 버스 광고 진행 출처 엑스포츠 뉴스 네이버 연예 영탁 영탁의 불쑥 뽕숭아학당 영탁 사랑의 콜센타 영탁 영탁이 불 영탁 따라따라와 영탁 돋보기 영탁 프로듀서 영탁 노래 추천,0,1
483,2021-05-04,18:32:16,9uf6ldvfyxdi6yq,영탁 팬클럽 월 일 영탁 생일 기념 서울 버스 광고 진행 영탁 월 일 생일 축하해 영탁 사랑의 콜센타 영탁 뽕숭아학당 영탁 영탁불쑥티비 영탁효과 영탁선한 영향력 영탁눈치제로 영탁이 불 영탁 생일 영탁생일 축하해,4,10
484,2021-05-04,18:31:35,kionvpfazhwivyy,영탁 팬클럽 월 일 영탁 생일 기념 서울 버스 광고 진행 출처 엑스포츠 뉴스 네이버 연예 영탁 영탁의 불쑥 영탁이 불 뽕숭아학당 영탁 사랑의 콜센타 영탁 영탁작사 작곡 영탁작곡가 영탁 프로듀서 영탁화 등 영탁 소녀 영탁 개여울 영탁생일,0,3
485,2021-05-04,18:22:52,swella70924767,영탁 팬클럽 월 일 영탁 생일 기념 서울 버스 광고 진행 출처 엑스포츠 뉴스 네이버 연예 영탁 뽕숭아학당 영탁 영탁나팔바지 영탁 마이셰프 사랑의 콜센타 영탁 영탁정성 발효 영탁톱 클래스,0,1
486,2021-05-04,18:11:45,kkky0hano2uk4sw,영탁 팬클럽 월 일 영탁 생일 기념 서울 버스 광고 진행 출처 엑스포츠 뉴스 네이버 연예 영탁 영탁의 불쑥 영탁이 불 뽕숭아학당 영탁 사랑의 콜센타 영탁 영탁 개여울 영탁산다는 건 다 그런 게 아니겠니 영탁 알랑가 몰라 영탁 생일 축하해 영탁 생일 월,0,2
487,2021-05-04,18:00:42,songa98732821,영탁 팬클럽 월 일 영탁 생일 기념 서울 버스 광고 진행 출처 엑스포츠 뉴스 네이버 연예 영탁 영탁이불 니가 왜 거기서 나와 찐 이야 사랑의 콜센타 영탁 뽕숭아학당 영탁 영탁의 불쑥 영탁선한 영향력,0,0
488,2021-05-04,17:54:58,ofkx4qdjusgp7rq,영탁 영탁의 불쑥 사랑의 콜센타 영탁 뽕숭아학당 영탁 영탁돋보기 영탁이불 영탁작곡 영탁 프로듀싱 영탁눈치제로 영탁 따라따라와 영탁 생일 축하해 영탁 팬클럽 월 일 영탁 생일 기념 서울 버스 광고 진행 다음 연예,0,1
489,2021-05-04,17:43:22,48j7ce74b6zmolr,영탁 미스터트롯 영탁 사랑의 콜센 타 영탁 뽕숭아학당 영탁 영탁의 불쑥 니가 왜 거기서 나와 찐 이야 영탁트롯픽 영탁 폴리니크 영탁 정성발효 영탁인성탁 영탁이불 영탁 프로듀서 영탁나팔바지 영탁 팬클럽 월 일 영탁 생일 기념 서울 버스 광고 진행,2,6
490,2021-05-04,17:38:26,j9gnmvpqvzndojr,영탁 팬클럽 월 일 영탁 생일 기념 서울 버스 광고 진행 다음 연예,0,0
491,2021-05-04,17:33:16,tension_up_0513,영탁 팬클럽 월 일 영탁 생일 기념 서울 버스 광고 진행 출처 네이버 포스트,3,5
492,2021-05-04,17:26:35,naaaaacjh,영탁 팬클럽 월 일 영탁 생일 기념 서울 버스 광고 진행 다음 연예 영탁 월 일 생일 축하합니다 영탁 사랑의 콜센타 영탁 영탁이 불 뽕숭아학당 영탁 영탁 프로듀서 영탁사랑한 다 영탁불쑥티비 영탁꽃길 영탁생일 영탁생일 축하해,0,1
493,2021-05-04,17:22:40,zerotag38,영탁 팬클럽 월 일 영탁 생일 기념 서울 버스 광고 진행 다음 연예,0,0
